frame,person_id,hand,avg_x,avg_y
0,1,left_hand,1010.2595566666665,669.99125
0,1,right_hand,1076.3224333333335,700.6753533333334
0,2,left_hand,1072.0905,821.42618
0,2,right_hand,1114.8154,832.6583666666666
1,1,left_hand,1010.2790533333333,670.0013466666667
1,1,right_hand,1076.1232666666667,700.5148866666665
1,2,left_hand,1070.0254666666667,821.0743833333332
1,2,right_hand,1114.8367666666666,832.5889066666667
2,1,left_hand,1028.7567133333334,676.4800866666668
2,1,right_hand,1100.9021666666667,700.1634133333333
3,1,left_hand,1028.6455533333335,676.2215
3,1,right_hand,1101.0218666666667,700.1509833333333
4,1,left_hand,1032.17218,669.4568666666667
4,1,right_hand,1117.2051666666669,698.9993333333333
4,2,left_hand,981.8807466666667,768.4783766666666
4,2,right_hand,1084.3047666666666,805.2512333333334
5,1,left_hand,1032.2198666666666,669.5225333333333
5,1,right_hand,1117.2587,699.0302333333333
5,2,left_hand,981.9467233333334,768.4608333333334
5,2,right_hand,1084.2353333333333,805.2054533333334
6,1,left_hand,1032.2013566666667,669.4842666666666
6,1,right_hand,1117.2524333333333,699.0066266666666
6,2,left_hand,981.9276566666667,768.5304866666667
6,2,right_hand,1084.2195,805.1030133333334
7,1,left_hand,1045.9195,667.2155333333334
7,1,right_hand,1122.8059666666666,695.5461866666668
7,2,left_hand,981.7620700000001,759.3817166666668
7,2,right_hand,1076.5354333333332,804.5613133333333
8,1,left_hand,1046.0691,667.0929666666667
8,1,right_hand,1122.6480333333334,695.4317666666666
8,2,left_hand,981.78462,759.4737566666666
8,2,right_hand,1076.5685666666668,804.6103166666667
9,1,left_hand,1067.5771333333332,654.7145666666667
9,1,right_hand,1134.912,690.6095533333333
9,2,left_hand,979.1828933333333,756.3864033333333
9,2,right_hand,1068.3388666666667,787.2098766666668
10,1,left_hand,1067.5331666666668,654.5922999999999
10,1,right_hand,1134.9240333333335,690.5625933333334
10,2,left_hand,979.16195,756.3838900000001
10,2,right_hand,1068.3446666666666,787.2703666666666
11,1,left_hand,1072.7337,651.7401000000001
11,1,right_hand,1139.5399666666665,689.5978666666666
11,2,left_hand,978.03894,743.4998833333333
11,2,right_hand,1065.3270333333332,754.6080999999999
12,1,left_hand,1072.6863999999998,651.8425166666667
12,1,right_hand,1139.5754,689.5625166666665
12,2,left_hand,978.0598200000001,743.4787
12,2,right_hand,1065.4112333333333,754.5718466666667
13,1,left_hand,1072.7641,651.80504
13,1,right_hand,1139.5351,689.5414566666667
13,2,left_hand,977.9685533333333,743.3668566666666
13,2,right_hand,1065.3701333333331,754.1476766666666
14,1,left_hand,1086.6178333333332,646.0205666666667
14,1,right_hand,1144.4996,686.5887433333334
14,2,left_hand,978.09768,729.4477466666667
14,2,right_hand,1060.3462,748.2533433333333
15,1,left_hand,1086.6314,646.09723
15,1,right_hand,1144.4408,686.5819133333333
15,2,left_hand,978.0353333333334,729.5082333333334
15,2,right_hand,1060.2099,748.0304333333333
16,1,left_hand,1096.8222666666668,648.2491666666666
16,1,right_hand,1148.9441666666667,685.5262333333334
16,2,left_hand,981.5485533333334,716.7929333333333
16,2,right_hand,1059.6926,741.1675333333333
17,1,left_hand,1096.7185666666667,648.09741
17,1,right_hand,1148.9359,685.6503333333334
17,2,left_hand,981.55093,716.7308766666666
17,2,right_hand,1059.6430333333335,741.1935466666667
18,1,left_hand,1096.8468999999998,648.0469066666666
18,1,right_hand,1148.9406333333334,685.53721
18,2,left_hand,981.5225300000001,716.7427333333334
18,2,right_hand,1059.7095,741.1969333333333
19,1,left_hand,1114.9095666666667,662.59908
19,1,right_hand,1155.8695333333333,693.34773
19,2,left_hand,983.3907666666668,704.9108066666666
19,2,right_hand,1059.5514,728.8495133333332
20,1,left_hand,1115.0076,662.6474433333333
20,1,right_hand,1155.8628666666666,693.3921999999999
20,2,left_hand,983.3762,704.8915833333334
20,2,right_hand,1059.5793666666666,728.89165
21,1,left_hand,1135.7173,681.2854666666667
21,1,right_hand,1160.4941666666666,696.0339166666666
21,2,left_hand,985.0594333333333,698.4891466666667
21,2,right_hand,1059.6154333333334,720.1867333333333
22,1,left_hand,1135.6664666666666,681.3218166666667
22,1,right_hand,1160.5181333333333,696.0630733333334
22,2,left_hand,985.0243033333333,698.4886333333334
22,2,right_hand,1059.5849666666666,720.2265366666667
23,1,left_hand,1158.1840000000002,696.8634000000001
23,1,right_hand,1163.9664666666667,700.6039433333334
23,2,left_hand,983.6125866666666,693.1909766666666
23,2,right_hand,1059.0762000000002,715.54268
24,1,left_hand,1158.1692666666668,696.8644466666666
24,1,right_hand,1163.9871999999998,700.6192799999999
24,2,left_hand,984.4715666666667,689.8000833333332
24,2,right_hand,1060.4647333333332,716.6366166666667
25,1,left_hand,1158.4488666666666,696.9166
25,1,right_hand,1164.1939,700.5999500000001
25,2,left_hand,983.6235533333333,693.1064233333333
25,2,right_hand,1059.1172333333334,715.3836799999999
26,1,left_hand,1151.4811666666667,686.9724
26,1,right_hand,1173.9162,715.4089100000001
26,2,left_hand,984.3073566666667,689.7519833333332
26,2,right_hand,1056.8939,717.8941433333333
27,1,left_hand,1151.4951999999998,687.6962
27,1,right_hand,1173.7468666666666,715.3175066666666
27,2,left_hand,984.5174166666667,689.5923333333334
27,2,right_hand,1057.2021333333332,718.0685666666667
28,1,left_hand,1179.5639,707.0571999999999
28,1,right_hand,1175.5708000000002,723.0232
28,2,left_hand,985.3033433333334,690.0708199999999
28,2,right_hand,1055.6416666666667,719.1922466666666
29,1,left_hand,1180.5167666666669,706.7766133333333
29,1,right_hand,1175.6198666666667,723.1032266666666
29,2,left_hand,985.1689,689.7753766666666
29,2,right_hand,1055.5674333333334,719.2390266666666
30,1,left_hand,1181.2955666666667,706.85378
30,1,right_hand,1175.4984666666667,723.20345
30,2,left_hand,985.2075799999999,689.8598466666667
30,2,right_hand,1055.5649333333333,719.1490433333333
31,1,left_hand,1205.2779,709.2956033333334
31,1,right_hand,1181.8184666666666,732.1172466666667
31,2,left_hand,985.6008466666666,690.9909000000001
31,2,right_hand,1055.6242,718.5864499999999
32,1,left_hand,1205.0756666666666,709.2643333333334
32,1,right_hand,1181.7445666666665,731.7638000000001
32,2,left_hand,985.6777333333333,691.0098333333334
32,2,right_hand,1055.6633,719.08192
33,1,left_hand,1212.3817,709.8770133333334
33,1,right_hand,1184.3874666666668,734.9975866666667
33,2,left_hand,986.9955233333334,692.63178
33,2,right_hand,1054.0072333333335,719.8188333333334
34,1,left_hand,1211.684,709.8901766666667
34,1,right_hand,1184.3828666666666,734.9552133333333
34,2,left_hand,987.0593,692.7356833333333
34,2,right_hand,1054.0354333333335,719.86895
35,1,left_hand,1215.3571000000002,714.31652
35,1,right_hand,1188.8909333333334,739.2499200000001
35,2,left_hand,985.6269966666667,689.8006033333335
35,2,right_hand,1052.6352666666667,717.7358266666666
36,1,left_hand,1215.2995333333333,714.2584
36,1,right_hand,1188.9829666666667,739.1670233333334
36,2,left_hand,985.5877833333334,689.7637333333332
36,2,right_hand,1052.3400666666666,717.8760033333333
37,1,left_hand,1215.1988,714.4164333333333
37,1,right_hand,1188.9791000000002,739.2277433333334
37,2,left_hand,985.5384066666667,689.7535666666666
37,2,right_hand,1052.3194333333333,717.9967666666666
38,1,left_hand,1218.9675,732.81238
38,1,right_hand,1194.3293999999999,738.1842233333333
38,2,left_hand,982.5014666666666,687.6365999999999
38,2,right_hand,1051.7860666666668,713.6944666666667
39,1,left_hand,1219.2410666666667,732.8496966666667
39,1,right_hand,1194.2752333333333,738.2409433333333
39,2,left_hand,982.4956933333333,687.5992833333333
39,2,right_hand,1051.7720333333334,713.7018800000001
40,1,left_hand,1228.031533333333,734.8128133333333
40,1,right_hand,1193.7132666666669,745.8506433333333
40,2,left_hand,978.18294,677.5616233333334
40,2,right_hand,1049.1322666666667,709.94868
41,1,left_hand,1228.0843333333332,734.6376533333333
41,1,right_hand,1193.6510333333333,745.7655866666665
41,2,left_hand,978.2263066666666,677.5374133333333
41,2,right_hand,1049.1319333333333,709.9828633333333
42,1,left_hand,1228.0610666666669,734.6929533333333
42,1,right_hand,1193.6452666666667,745.8213966666667
42,2,left_hand,978.2275833333333,677.5739699999999
42,2,right_hand,1049.0921333333333,709.9627466666667
43,1,left_hand,1232.3774999999998,734.0714133333332
43,1,right_hand,1202.1474666666666,754.03812
43,2,left_hand,975.4544000000001,674.59103
43,2,right_hand,1050.6612,706.8533433333333
44,1,left_hand,1232.5563666666667,733.3071
44,1,right_hand,1202.1644666666666,754.07507
44,2,left_hand,975.4538666666667,674.5878333333334
44,2,right_hand,1050.7368,706.8795833333334
45,1,left_hand,1235.8237,752.5524333333333
45,1,right_hand,1203.1083,760.1940500000001
45,2,left_hand,973.5352333333334,669.764
45,2,right_hand,1049.8034666666667,702.0546
46,1,left_hand,1236.0729666666668,752.9644200000001
46,1,right_hand,1203.0683999999999,760.2591333333334
46,2,left_hand,973.5084499999999,669.6067533333334
46,2,right_hand,1049.6779666666669,701.90483
47,1,left_hand,1251.8572666666666,769.6487900000001
47,1,right_hand,1206.2240333333332,761.94227
47,2,left_hand,972.71468,664.5978800000001
47,2,right_hand,1047.1627666666666,700.6290233333334
48,1,left_hand,1251.8545333333334,769.8294166666668
48,1,right_hand,1206.2106,761.9395933333334
48,2,left_hand,972.71902,664.68396
48,2,right_hand,1047.1603333333333,700.6212133333333
49,1,left_hand,1251.8094666666666,769.8315833333335
49,1,right_hand,1206.1777000000002,762.0232466666666
49,2,left_hand,972.7012799999999,664.6693799999999
49,2,right_hand,1047.1513000000002,700.6289999999999
50,1,left_hand,1263.6587,770.8059666666667
50,1,right_hand,1212.0976666666666,767.0828333333334
50,2,left_hand,970.4265999999999,658.8125799999999
50,2,right_hand,1044.5926666666667,699.8800333333334
51,1,left_hand,1263.3659,770.0476400000001
51,1,right_hand,1212.2540000000001,767.0076533333335
51,2,left_hand,970.4224566666667,658.8548999999999
51,2,right_hand,1044.5829666666666,699.9805799999999
52,1,left_hand,1263.1868666666667,777.3192766666666
52,1,right_hand,1231.4712,777.0689133333332
52,2,left_hand,969.8750566666668,657.3638733333333
52,2,right_hand,1042.4148333333333,699.1775333333334
53,1,left_hand,1263.9020333333335,777.5880666666667
53,1,right_hand,1228.4794,776.1415833333334
53,2,left_hand,969.8664133333335,657.3520666666667
53,2,right_hand,1042.3835333333334,699.2052266666666
54,1,left_hand,1265.2357666666667,778.0709466666667
54,1,right_hand,1228.0775,775.8903333333333
54,2,left_hand,969.8968333333333,657.2807566666667
54,2,right_hand,1042.2425333333333,699.0053133333334
55,1,left_hand,1305.8346666666666,757.0183966666667
55,1,right_hand,1267.2308,786.7552333333333
55,2,left_hand,969.2845733333334,655.6591766666667
55,2,right_hand,1039.0260999999998,700.1565766666666
56,1,left_hand,1308.1476666666667,756.0264066666667
56,1,right_hand,1267.2175333333334,787.5097433333334
56,2,left_hand,969.2374133333333,655.77608
56,2,right_hand,1038.9983666666667,700.0881166666667
57,1,left_hand,1278.8308333333334,785.1941566666666
57,1,right_hand,1276.1168666666665,801.3094266666667
57,2,left_hand,970.5626766666668,655.6293999999999
57,2,right_hand,1037.6975,702.3491333333333
58,1,left_hand,1278.5819333333334,784.7052
58,1,right_hand,1276.2226666666666,801.17953
58,2,left_hand,970.6177233333333,655.588
58,2,right_hand,1037.6675000000002,702.1626
59,1,left_hand,1310.5819666666666,797.80748
59,1,right_hand,1228.6249333333333,785.2480533333334
59,2,left_hand,973.1698533333333,656.2907133333333
59,2,right_hand,1037.6143333333332,699.1758
60,1,left_hand,1311.1603333333333,796.6147333333333
60,1,right_hand,1228.4999666666665,785.5044133333334
60,2,left_hand,973.0583633333332,656.3118166666667
60,2,right_hand,1037.7093666666667,699.37125
61,1,left_hand,1311.6990333333333,795.7269533333333
61,1,right_hand,1228.5224666666666,785.5178599999999
61,2,left_hand,973.0081333333333,656.2850766666667
61,2,right_hand,1037.6880333333336,699.3462
62,1,left_hand,1321.2427333333333,793.27448
62,1,right_hand,1229.5665666666666,790.8056966666667
62,2,left_hand,975.7416,649.61942
62,2,right_hand,1037.4619666666665,697.33061
63,1,left_hand,1320.6372333333334,794.7776366666667
63,1,right_hand,1229.5664666666667,790.8218333333333
63,2,left_hand,975.6885900000001,649.3785866666667
63,2,right_hand,1037.4948333333332,697.3215100000001
64,1,left_hand,1327.8451000000002,767.1412866666666
64,1,right_hand,1229.693,793.1711799999999
64,2,left_hand,978.1493666666667,643.5139800000001
64,2,right_hand,1038.8176,693.48767
65,1,left_hand,1327.7991,767.2374133333333
65,1,right_hand,1229.6652000000001,793.1668666666666
65,2,left_hand,978.1708766666666,643.8857433333334
65,2,right_hand,1038.8733,693.3290000000001
66,1,left_hand,1327.8483333333334,767.0653766666666
66,1,right_hand,1229.5999000000002,793.3998333333333
66,2,left_hand,978.2163333333333,644.0552533333333
66,2,right_hand,1038.8601333333334,693.40538
67,1,left_hand,1325.8289666666667,770.7991566666666
67,1,right_hand,1230.9210333333333,801.9720666666667
67,2,left_hand,980.3644866666667,638.6541133333334
67,2,right_hand,1039.6593333333333,689.9123833333333
68,1,left_hand,1325.9233666666669,771.0530033333333
68,1,right_hand,1230.8805,801.9894333333333
68,2,left_hand,980.3125366666667,638.3767066666668
68,2,right_hand,1039.5974333333331,689.9815199999999
69,1,left_hand,1325.3845666666666,775.0376333333334
69,1,right_hand,1226.5866666666668,811.2876166666666
69,2,left_hand,983.20601,636.09881
69,2,right_hand,1042.1332333333332,686.7320199999999
70,1,left_hand,1325.4162,774.9999333333332
70,1,right_hand,1226.5816000000002,811.1574666666667
70,2,left_hand,983.1578133333333,635.9056333333334
70,2,right_hand,1042.1415666666664,686.72745
71,1,left_hand,1320.5065666666667,777.7369333333332
71,1,right_hand,1230.3574666666666,834.8322733333334
71,2,left_hand,985.1614,636.6810833333333
71,2,right_hand,1044.8615666666667,686.0343200000001
72,1,left_hand,1320.7004333333332,777.7203633333334
72,1,right_hand,1230.0417333333332,833.6785833333333
72,2,left_hand,985.1956533333332,636.8066166666666
72,2,right_hand,1044.8946666666668,686.0370966666666
73,1,left_hand,1320.8207,777.67906
73,1,right_hand,1229.9714333333334,833.42508
73,2,left_hand,985.2160833333334,636.8231866666666
73,2,right_hand,1044.8942666666667,686.0345133333334
74,1,left_hand,1323.3441333333333,776.6302333333333
74,1,right_hand,1229.7838666666667,845.9259333333333
74,2,left_hand,985.4340566666666,636.2265633333334
74,2,right_hand,1047.3262,687.1026666666667
75,1,left_hand,1323.3751666666667,776.5706966666667
75,1,right_hand,1229.3764333333334,845.7164866666667
75,2,left_hand,985.4250766666668,636.14458
75,2,right_hand,1047.4101,687.2631333333334
76,1,left_hand,1312.4433999999999,770.4879500000001
76,1,right_hand,1231.7555666666667,853.8237433333334
76,2,left_hand,985.8133566666667,637.5283166666667
76,2,right_hand,1049.7167333333334,690.7158466666666
77,1,left_hand,1312.4022666666667,770.4508500000001
77,1,right_hand,1231.8192000000001,853.9513000000001
77,2,left_hand,985.7933866666666,637.5578466666667
77,2,right_hand,1049.6847,690.6992
78,1,left_hand,1312.6630333333335,770.6416333333333
78,1,right_hand,1231.8803,853.9931666666666
78,2,left_hand,985.7750866666665,637.6251533333333
78,2,right_hand,1049.7070333333334,690.6852866666667
79,1,left_hand,1283.1014333333333,841.4791966666667
79,1,right_hand,1248.5805,856.3060466666666
79,2,left_hand,985.6391633333333,636.5393833333333
79,2,right_hand,1051.3611,693.7180533333334
80,1,left_hand,1283.1878,841.5298566666667
80,1,right_hand,1248.8283,856.3620733333333
80,2,left_hand,985.7939666666667,638.0838
80,2,right_hand,1051.5119,693.7275466666666
81,1,left_hand,1264.9539000000002,778.0818499999999
81,1,right_hand,1270.3813,870.4027900000001
81,2,left_hand,986.9004600000002,637.3294666666667
81,2,right_hand,1055.0423333333333,693.5579333333334
82,1,left_hand,1265.2092,778.0730366666667
82,1,right_hand,1270.3868666666667,870.39617
82,2,left_hand,986.8537533333333,638.1887166666667
82,2,right_hand,1055.2205000000001,693.6177200000001
83,1,left_hand,1248.8884666666665,787.6388000000001
83,1,right_hand,1276.9904666666666,874.8270466666667
83,2,left_hand,987.9143333333333,644.6066833333333
83,2,right_hand,1057.7412666666667,693.7989299999999
84,1,left_hand,1249.1009000000001,787.9347666666667
84,1,right_hand,1276.9100333333333,874.8220533333333
84,2,left_hand,987.9519666666665,644.7268533333332
84,2,right_hand,1057.7257333333334,693.7026
85,1,left_hand,1249.1290666666666,787.7809533333334
85,1,right_hand,1277.0455333333332,875.0792
85,2,left_hand,987.94302,644.7163333333334
85,2,right_hand,1057.7404333333334,693.6804866666666
86,1,left_hand,1234.3304,801.7799166666667
86,1,right_hand,1279.3655666666666,894.89838
86,2,left_hand,987.1197666666667,640.3024866666667
86,2,right_hand,1056.8075666666666,685.82741
87,1,left_hand,1234.3746,801.7082766666667
87,1,right_hand,1279.271,894.7129666666666
87,2,left_hand,987.1116999999999,640.3462000000001
87,2,right_hand,1056.7288666666666,685.7443366666666
88,1,left_hand,1229.0644333333332,805.0418233333334
88,1,right_hand,1276.8618333333334,882.7185
88,2,left_hand,988.9969666666666,638.6630333333333
88,2,right_hand,1057.3885,680.7692166666667
89,1,left_hand,1224.4893666666667,804.8146266666666
89,1,right_hand,1279.9240666666667,883.3556633333334
89,2,left_hand,988.9990633333333,638.6409333333332
89,2,right_hand,1057.3740333333333,680.8258866666666
90,1,left_hand,1224.5368666666666,805.1300133333334
90,1,right_hand,1280.0253333333335,883.20912
90,2,left_hand,989.0121833333333,638.5831633333333
90,2,right_hand,1057.3653000000002,680.83535
91,1,left_hand,1217.1006333333335,799.1888333333333
91,1,right_hand,1276.3477333333333,873.5420333333333
91,2,left_hand,988.9162633333334,638.09328
91,2,right_hand,1058.6569666666667,686.3299833333334
92,1,left_hand,1216.8867666666667,798.9271
92,1,right_hand,1276.3453666666667,873.4675433333333
92,2,left_hand,988.9560099999999,638.03182
92,2,right_hand,1058.6454,686.3606466666666
93,1,left_hand,1187.7017333333333,799.8822766666667
93,1,right_hand,1259.0802999999999,842.2976233333334
93,2,left_hand,990.1226633333332,642.8620233333334
93,2,right_hand,1059.7244333333333,681.50431
94,1,left_hand,1187.7082,799.77866
94,1,right_hand,1259.0154333333332,842.1765333333333
94,2,left_hand,990.12255,642.9160833333334
94,2,right_hand,1059.7356666666665,681.6407833333333
95,1,left_hand,1172.8333,789.9306233333333
95,1,right_hand,1253.3520666666666,818.29615
95,2,left_hand,989.9633433333333,642.2703
95,2,right_hand,1058.5164666666667,693.3897266666667
96,1,left_hand,1172.8117333333332,789.9625
96,1,right_hand,1253.3944000000001,818.5334999999999
96,2,left_hand,990.0205000000001,642.39768
96,2,right_hand,1058.4716,693.0510600000001
97,1,left_hand,1172.8015333333333,790.0212833333334
97,1,right_hand,1253.4445666666668,818.63004
97,2,left_hand,989.9760466666667,642.2413033333333
97,2,right_hand,1058.4488666666666,693.0932433333334
98,1,left_hand,1156.5314333333336,784.0100833333332
98,1,right_hand,1240.5761666666667,805.5195233333334
98,2,left_hand,986.99814,651.1572433333332
98,2,right_hand,1062.8905,699.4640033333334
99,1,left_hand,1156.4165666666665,784.0242533333334
99,1,right_hand,1240.5327666666665,805.5431566666666
99,2,left_hand,987.05778,651.0548466666665
99,2,right_hand,1062.3826000000001,697.98279
100,1,left_hand,1139.7057333333335,777.1752333333334
100,1,right_hand,1236.5972333333334,801.8043199999998
100,2,left_hand,981.92622,656.3853933333334
100,2,right_hand,1063.2169,699.0874966666667
101,1,left_hand,1139.6853333333333,777.1387
101,1,right_hand,1237.3297999999998,801.5052999999999
101,2,left_hand,981.9247666666666,656.4653933333333
101,2,right_hand,1063.2193666666665,699.0956333333334
102,1,left_hand,1139.5889,777.18636
102,1,right_hand,1237.5249666666668,801.2130766666666
102,2,left_hand,982.0047433333334,656.2906433333334
102,2,right_hand,1063.2036666666665,699.0969833333334
103,1,left_hand,1128.0265,770.9796766666667
103,1,right_hand,1219.0933666666667,800.7014800000001
103,2,left_hand,977.8606133333333,668.9882000000001
103,2,right_hand,1062.8138666666666,702.9946
104,1,left_hand,1127.7754000000002,771.0386733333333
104,1,right_hand,1219.6047,802.1368666666667
104,2,left_hand,977.8897499999999,669.2199533333334
104,2,right_hand,1062.7321,702.8591333333334
105,1,left_hand,1113.7420666666665,769.6610133333334
105,1,right_hand,1211.9312666666667,811.7336333333333
105,2,left_hand,973.6897,676.9903333333333
105,2,right_hand,1061.5191333333332,706.9660666666667
106,1,left_hand,1113.7365666666667,769.6338533333334
106,1,right_hand,1211.8275666666666,811.7013566666666
106,2,left_hand,973.7058366666666,676.9792666666667
106,2,right_hand,1061.5270666666668,706.9166266666666
107,1,left_hand,1104.3494666666666,770.6262833333334
107,1,right_hand,1197.0555333333334,800.7413033333333
107,2,left_hand,965.01352,686.7016233333334
107,2,right_hand,1053.6703333333332,702.7375333333333
108,1,left_hand,1104.3718,770.7793433333333
108,1,right_hand,1197.5129,801.08787
108,2,left_hand,964.9569233333333,686.8349466666667
108,2,right_hand,1053.6757,702.6373033333333
109,1,left_hand,1104.3704666666665,770.7577066666666
109,1,right_hand,1197.4261666666669,800.9556200000001
109,2,left_hand,965.05795,686.4988199999999
109,2,right_hand,1053.6947666666665,702.66707
110,1,left_hand,1095.0067666666666,773.7661433333334
110,1,right_hand,1170.5267666666666,774.8061333333332
110,2,left_hand,955.2896533333334,689.3121533333334
110,2,right_hand,1033.8376666666666,692.9539100000001
111,1,left_hand,1095.0122666666666,773.7344833333333
111,1,right_hand,1170.5597333333333,774.9808800000001
111,2,left_hand,955.3732466666667,689.2210733333333
111,2,right_hand,1033.8340166666667,692.9124333333333
112,1,left_hand,1090.0373333333334,776.0383533333334
112,1,right_hand,1157.9502999999997,781.7518666666666
112,2,left_hand,946.7164200000001,691.6611300000001
112,2,right_hand,1018.2865533333334,691.9258633333334
113,1,left_hand,1090.0512333333334,776.02858
113,1,right_hand,1158.0372333333332,781.75204
113,2,left_hand,946.66757,691.60172
113,2,right_hand,1018.25948,691.9211133333333
114,1,left_hand,1090.0298,776.0123966666666
114,1,right_hand,1157.9650666666666,781.65962
114,2,left_hand,946.66885,691.6004666666666
114,2,right_hand,1018.2743466666667,691.8404833333334
115,1,left_hand,1080.3532666666667,759.2197333333334
115,1,right_hand,1138.5091666666665,770.76566
115,2,left_hand,935.3440333333333,687.0112599999999
115,2,right_hand,987.5798,686.13215
116,1,left_hand,1080.3999000000001,759.2761533333334
116,1,right_hand,1138.6466333333333,770.8669466666666
116,2,left_hand,935.332,687.0926666666668
116,2,right_hand,987.55078,686.10851
117,1,left_hand,1057.3123999999998,752.0049833333333
117,1,right_hand,1133.0163666666667,765.4388366666667
117,2,left_hand,924.2405,683.4352966666665
117,2,right_hand,962.7729499999999,683.0251866666666
118,1,left_hand,1057.1922333333332,751.9275333333334
118,1,right_hand,1133.0798333333332,765.5789366666668
118,2,left_hand,924.2330099999999,683.4527333333334
118,2,right_hand,962.9287899999999,683.0188066666666
119,1,left_hand,1057.0650333333333,748.67125
119,1,right_hand,1132.7151666666666,768.7275799999999
119,2,left_hand,914.2151633333333,685.6696833333332
119,2,right_hand,944.1096166666666,682.4895799999999
120,1,left_hand,1057.1510666666668,748.6542800000001
120,1,right_hand,1132.5006666666668,768.8348033333332
120,2,left_hand,914.6442666666667,685.6462333333334
120,2,right_hand,944.0459733333333,682.58831
121,1,left_hand,1057.1955,748.6444333333334
121,1,right_hand,1132.52,768.8058666666666
121,2,left_hand,914.6227,685.6667166666666
121,2,right_hand,944.0005366666666,682.5830766666667
122,1,left_hand,1050.6469,747.3417
122,1,right_hand,1125.5364000000002,762.3205666666667
122,2,left_hand,907.9624333333333,689.4393799999999
122,2,right_hand,922.2464833333333,683.9029999999999
123,1,left_hand,1051.8093333333334,749.5155466666666
123,1,right_hand,1125.4453999999998,763.42245
123,2,left_hand,908.1119233333333,689.4523166666668
123,2,right_hand,922.49818,683.92043
124,1,left_hand,1041.5712666666666,742.9198299999999
124,1,right_hand,1118.0972,754.7432
124,2,left_hand,892.5908,693.0175800000001
124,2,right_hand,904.20712,689.32627
125,1,left_hand,1041.5398333333335,742.9332333333333
125,1,right_hand,1118.0815333333333,754.7543566666667
125,2,left_hand,892.6330200000001,693.0447166666667
125,2,right_hand,904.1491000000001,689.3651333333333
126,1,left_hand,1041.5230333333334,742.69218
126,1,right_hand,1118.0794333333333,754.6228333333333
126,2,left_hand,892.60592,693.03321
126,2,right_hand,904.2919633333335,689.2782133333334
127,1,left_hand,1024.8118466666667,736.4344966666667
127,1,right_hand,1106.7948333333334,744.46322
127,2,left_hand,882.6963000000001,695.1591466666667
127,2,right_hand,888.1608233333333,691.3874433333334
128,1,left_hand,1024.6715900000002,736.3581600000001
128,1,right_hand,1106.7106,744.4793800000001
128,2,left_hand,882.6072333333333,695.1568000000001
128,2,right_hand,888.21621,690.9094533333333
129,1,left_hand,1014.1645333333335,727.6266866666666
129,1,right_hand,1097.8016666666665,740.8874333333333
129,2,left_hand,874.76962,702.9994666666666
129,2,right_hand,874.9879333333333,692.4385566666666
130,1,left_hand,1014.1772333333333,727.5981433333333
130,1,right_hand,1097.8382,740.88483
130,2,left_hand,874.79885,703.00327
130,2,right_hand,874.9779333333332,692.6641
131,1,left_hand,1010.1818,720.37458
131,1,right_hand,1088.4755333333333,730.9539199999999
131,2,left_hand,860.4248333333334,707.9283333333333
131,2,right_hand,864.8413999999999,690.8989
132,1,left_hand,1007.3103,719.66739
132,1,right_hand,1089.222,731.2099466666667
132,2,left_hand,860.5447333333333,708.1549533333333
132,2,right_hand,864.9069033333334,690.6890666666667
133,1,left_hand,1007.2997433333334,719.6745833333334
133,1,right_hand,1089.2388333333333,731.2428633333334
133,2,left_hand,860.6952966666668,708.0535666666668
133,2,right_hand,865.0000566666668,690.7463066666666
134,1,left_hand,995.4645,715.8509666666665
134,1,right_hand,1081.8070333333333,723.4966633333333
134,2,left_hand,850.6781333333333,722.0034533333334
134,2,right_hand,841.99412,699.3779666666666
135,1,left_hand,995.4524366666666,715.8421166666667
135,1,right_hand,1081.8579,723.4273366666666
135,2,left_hand,850.77612,722.2430933333334
135,2,right_hand,842.0570633333333,699.5777566666666
136,1,left_hand,980.5274800000001,711.7722966666666
136,1,right_hand,1071.0773,714.8289799999999
136,2,left_hand,806.8659966666665,708.7992800000001
136,2,right_hand,851.3857333333334,722.8027466666666
137,1,left_hand,980.5278533333334,711.7801333333333
137,1,right_hand,1071.0181,714.84899
137,2,left_hand,806.8293166666666,708.7789666666667
137,2,right_hand,851.3375,722.8111133333333
138,1,left_hand,980.5220666666668,711.7654466666667
138,1,right_hand,1071.0295666666668,714.8446933333333
138,2,left_hand,806.8204766666667,708.8127833333333
138,2,right_hand,851.4332499999999,722.8330333333333
139,1,left_hand,973.7779666666667,707.1944666666667
139,1,right_hand,1058.4997,714.3185666666667
139,2,left_hand,796.6392266666667,716.91475
139,2,right_hand,807.3484066666666,714.8232433333333
140,1,left_hand,973.43108,707.0992633333334
140,1,right_hand,1058.2870333333333,714.2601533333333
140,2,left_hand,795.1185166666668,716.0757766666667
140,2,right_hand,809.5807333333333,715.2720133333333
141,1,left_hand,959.3931066666668,706.2234833333333
141,1,right_hand,1054.4528666666665,712.1711933333332
141,2,left_hand,829.1065333333332,734.80614
141,2,right_hand,796.7084333333333,713.72021
142,1,left_hand,959.4023333333333,706.16573
142,1,right_hand,1054.4277666666667,712.0592666666666
142,2,left_hand,829.3452366666667,734.9117833333333
142,2,right_hand,796.5113166666666,713.6245466666666
143,1,left_hand,941.5312833333334,707.0892566666666
143,1,right_hand,1048.56311,709.3759833333334
143,2,left_hand,825.6394866666666,734.9252200000001
143,2,right_hand,816.9469666666668,710.5343866666666
144,1,left_hand,941.4831333333333,707.1409066666666
144,1,right_hand,1048.5694999999998,709.3944733333333
144,2,left_hand,825.58775,734.9020533333334
144,2,right_hand,816.8261333333334,710.3715333333333
145,1,left_hand,941.44287,707.1634666666667
145,1,right_hand,1048.6314333333332,709.5059799999999
145,2,left_hand,825.5584233333334,734.9268366666666
145,2,right_hand,816.9459966666667,710.4101666666667
146,1,left_hand,927.6576200000001,710.4479333333334
146,1,right_hand,1038.2515666666666,705.1926866666666
146,2,left_hand,819.9529666666667,735.5934866666666
146,2,right_hand,864.2172766666666,715.4828299999999
147,1,left_hand,927.6970299999999,710.4564
147,1,right_hand,1038.1903999999997,705.1991066666666
147,2,left_hand,820.0371966666667,735.5361266666665
147,2,right_hand,863.5888333333334,715.2799666666666
148,1,left_hand,919.89351,711.2837533333333
148,1,right_hand,1025.7701333333332,704.2078866666667
148,2,left_hand,815.0231666666667,736.5109866666667
148,2,right_hand,844.1194533333334,702.6848133333333
149,1,left_hand,919.9119433333334,711.3051166666668
149,1,right_hand,1025.7850999999998,704.2294066666667
149,2,left_hand,814.9721466666666,736.4919666666668
149,2,right_hand,844.8582,702.94785
150,1,left_hand,919.8775466666666,711.4108766666668
150,1,right_hand,1025.7186433333334,704.1546833333333
150,2,left_hand,814.9506,736.4042333333333
150,2,right_hand,849.45393,704.9821166666667
151,1,left_hand,916.7998566666666,711.9770166666667
151,1,right_hand,1016.4206666666665,707.05472
151,2,left_hand,817.2301466666667,735.1164966666666
151,2,right_hand,837.3314333333333,698.4421733333334
152,1,left_hand,916.9439266666667,711.8438033333333
152,1,right_hand,1016.4248533333333,706.9889466666667
152,2,left_hand,814.6183000000001,734.1574366666667
152,2,right_hand,842.9368,700.81622
153,1,left_hand,908.6840766666668,713.3301333333334
153,1,right_hand,1004.5020333333332,707.9681666666667
153,2,left_hand,815.93973,729.6547133333333
153,2,right_hand,838.2434666666667,698.9413866666667
154,1,left_hand,908.8499666666667,713.3890333333334
154,1,right_hand,1004.53348,707.9824866666667
154,2,left_hand,816.0574133333333,729.7526200000001
154,2,right_hand,837.65407,698.8652433333333
155,1,left_hand,896.7062433333334,714.5349499999999
155,1,right_hand,986.26818,698.7773699999999
155,2,left_hand,804.1677433333334,704.8366633333334
155,2,right_hand,860.9761133333333,695.6232533333333
156,1,left_hand,896.71315,714.6163666666666
156,1,right_hand,986.3029333333334,698.9633066666665
156,2,left_hand,803.97282,705.0624666666666
156,2,right_hand,862.0864433333332,696.0853000000001
157,1,left_hand,896.688,714.5189733333333
157,1,right_hand,986.2630466666666,698.8567666666668
157,2,left_hand,803.5205233333332,704.3628533333334
157,2,right_hand,862.0523666666667,695.8934866666667
158,1,left_hand,883.3015033333335,714.5832
158,1,right_hand,970.3663566666668,699.70762
158,2,left_hand,829.22539,713.9000666666667
158,2,right_hand,881.9839133333334,699.3389699999999
159,1,left_hand,883.2842833333334,714.6137666666667
159,1,right_hand,970.3721666666667,699.72754
159,2,left_hand,829.2306133333333,713.9398
159,2,right_hand,882.00582,699.3749666666666
160,1,left_hand,860.0144433333335,730.3768799999999
160,1,right_hand,956.3734866666667,695.0548533333334
160,2,left_hand,830.0692933333333,709.5614666666667
160,2,right_hand,894.62279,691.9858166666667
161,1,left_hand,860.0787033333332,730.15053
161,1,right_hand,956.3309966666666,695.1537166666667
161,2,left_hand,830.1545499999999,709.6017466666666
161,2,right_hand,894.3384500000001,692.0578233333334
162,1,left_hand,860.0228900000001,730.2333666666667
162,1,right_hand,956.3381899999999,695.21108
162,2,left_hand,830.12947,709.5878299999999
162,2,right_hand,894.4660433333333,692.0457500000001
163,1,left_hand,862.3801466666667,713.1777966666665
163,1,right_hand,943.6349,694.4257666666667
163,2,left_hand,837.06317,697.3643999999999
163,2,right_hand,877.9155666666666,692.7020333333334
164,1,left_hand,862.4773,713.16558
164,1,right_hand,943.6223866666666,694.3310799999999
164,2,left_hand,837.1418133333333,697.47642
164,2,right_hand,877.9784533333333,692.7950533333334
165,1,left_hand,841.2555866666667,720.9118166666667
165,1,right_hand,932.4624233333334,694.1183466666666
166,1,left_hand,841.3047633333334,720.8583533333334
166,1,right_hand,932.4895933333333,694.1205466666667
167,1,left_hand,835.0928066666665,729.4230466666667
167,1,right_hand,900.90523,698.2249866666667
168,1,left_hand,836.1931666666666,729.9444333333332
168,1,right_hand,902.8728600000001,696.0404833333333
169,1,left_hand,837.2578533333334,733.7309833333334
169,1,right_hand,900.4634566666667,698.4902333333333
170,1,left_hand,810.9236266666667,703.2031000000001
170,1,right_hand,894.4843666666667,686.3254999999999
171,1,left_hand,810.7400266666667,703.4453866666666
171,1,right_hand,894.6476233333333,686.5134466666667
172,1,left_hand,811.8086766666667,711.6830866666668
172,1,right_hand,885.8362999999999,688.5714499999999
173,1,left_hand,811.8986866666668,711.1724
173,1,right_hand,885.7673500000001,688.44375
173,3,left_hand,853.4159300000001,657.5034966666666
173,3,right_hand,912.2763666666666,638.91322
174,1,left_hand,811.7936,711.9275666666666
174,1,right_hand,885.6295800000001,688.2961666666666
174,3,left_hand,853.4551200000001,657.45239
174,3,right_hand,912.3161,638.9661666666666
175,1,left_hand,805.7331,713.8862266666666
175,1,right_hand,865.1996833333333,685.1650666666668
175,2,left_hand,805.5098666666667,715.0568200000001
175,2,right_hand,863.2854166666666,685.4594800000001
175,3,left_hand,853.4778233333333,657.2551133333333
175,3,right_hand,911.1857500000001,640.0111533333334
176,1,left_hand,805.6973533333334,713.8707333333333
176,1,right_hand,865.7078633333334,684.9280166666667
176,2,left_hand,805.39851,715.07602
176,2,right_hand,863.4225,685.4570366666667
176,3,left_hand,853.4807500000001,657.2984833333334
176,3,right_hand,911.2324533333334,639.9735666666667
177,1,left_hand,780.6849166666666,724.0533999999999
177,1,right_hand,848.5783433333332,699.08199
177,3,left_hand,855.3532633333334,655.7333766666667
177,3,right_hand,917.45642,643.60852
178,1,left_hand,780.7130666666667,723.9662133333333
178,1,right_hand,848.55795,698.9852466666666
178,3,left_hand,855.3936566666667,655.74872
178,3,right_hand,917.58122,643.62942
179,1,left_hand,769.70825,723.5508233333334
179,1,right_hand,830.1482033333333,704.0169666666667
179,3,left_hand,853.7249333333333,662.1605833333334
179,3,right_hand,927.9612966666667,648.35458
180,1,left_hand,769.7403333333333,723.4875533333334
180,1,right_hand,830.3294966666666,703.9317033333333
180,3,left_hand,853.69821,662.0534566666666
180,3,right_hand,928.0725666666667,648.3242
181,1,left_hand,769.7525033333335,723.4979666666668
181,1,right_hand,830.2663433333333,704.0758000000001
181,3,left_hand,853.7182333333334,662.1004200000001
181,3,right_hand,928.0288566666668,648.3073433333334
182,1,left_hand,755.1898333333334,723.1073966666667
182,1,right_hand,812.3775,712.04189
182,3,left_hand,853.4140066666665,657.85552
182,3,right_hand,935.1653833333334,645.4463299999999
183,1,left_hand,755.21918,723.1164933333333
183,1,right_hand,812.6719066666666,712.0781999999999
183,3,left_hand,853.4266533333333,657.8416566666666
183,3,right_hand,935.1590233333333,645.4542333333334
184,1,left_hand,736.4167666666667,720.8048066666667
184,1,right_hand,773.9995333333333,710.3890166666666
184,3,left_hand,856.0869333333334,659.3941333333333
184,3,right_hand,940.7529433333334,645.7071333333333
185,1,left_hand,736.4004733333333,720.8450333333334
185,1,right_hand,774.2452200000001,710.3569033333333
185,3,left_hand,856.0679033333334,659.4004333333334
185,3,right_hand,940.75822,645.7474866666668
186,1,left_hand,736.4221200000001,720.83595
186,1,right_hand,774.2295133333333,710.3474166666666
186,3,left_hand,856.1130166666667,659.40618
186,3,right_hand,940.77825,645.7309566666667
187,1,left_hand,726.4537166666665,722.2833966666667
187,1,right_hand,745.29092,716.6506233333333
187,3,left_hand,859.2083366666666,663.8791333333334
187,3,right_hand,946.74052,645.7412566666666
188,1,left_hand,726.4979199999999,722.3436866666667
188,1,right_hand,745.2800266666667,716.66855
188,3,left_hand,858.9486233333333,663.5371566666666
188,3,right_hand,946.72958,645.6950833333334
189,1,left_hand,711.8553999999999,718.9023900000001
189,1,right_hand,724.8580733333333,715.6187999999999
189,3,left_hand,865.4929666666667,661.39169
189,3,right_hand,952.00078,646.43702
190,1,left_hand,711.8721833333334,718.9647500000001
190,1,right_hand,724.8807166666667,715.6260333333333
190,3,left_hand,865.4791233333334,661.40475
190,3,right_hand,952.0113666666666,646.43176
191,1,left_hand,693.4545466666667,717.5760666666666
191,1,right_hand,708.3633433333333,714.4593466666666
191,3,left_hand,872.3689833333333,661.4809666666666
191,3,right_hand,956.6874466666667,644.2005166666667
192,1,left_hand,693.3574433333333,717.6019333333334
192,1,right_hand,708.61494,714.5303166666666
192,3,left_hand,872.3160799999999,661.5672666666666
192,3,right_hand,956.67562,644.21068
193,1,left_hand,693.3701433333332,717.60082
193,1,right_hand,708.6845666666667,714.5233333333334
193,3,left_hand,872.3368966666667,661.4595166666667
193,3,right_hand,956.5996466666667,644.1351833333333
194,1,left_hand,681.1789666666667,721.7798666666667
194,1,right_hand,690.6938099999999,717.7165133333333
194,3,left_hand,879.5543466666667,658.3256333333333
194,3,right_hand,960.3196633333333,642.2549333333333
195,1,left_hand,681.1553466666668,721.7485
195,1,right_hand,690.7161900000001,717.7337566666666
195,3,left_hand,879.5494833333333,658.32342
195,3,right_hand,960.32418,642.2569533333334
196,1,left_hand,668.2847666666667,725.8386666666667
196,1,right_hand,677.46785,720.6202
196,3,left_hand,884.3989499999999,655.5411466666667
196,3,right_hand,963.3721666666667,638.7812666666667
197,1,left_hand,668.2601666666666,725.8876566666667
197,1,right_hand,677.4426866666668,720.6322233333334
197,3,left_hand,884.4012866666667,655.5346666666666
197,3,right_hand,963.4103333333333,638.7679433333334
198,1,left_hand,668.2302333333333,725.8943166666668
198,1,right_hand,677.4355133333333,720.6490666666667
198,3,left_hand,884.4266433333333,655.4928133333333
198,3,right_hand,963.3976666666667,638.77043
199,1,left_hand,660.5487066666666,726.1115
199,1,right_hand,663.2589166666667,721.0220466666666
199,3,left_hand,886.96018,652.1874366666667
199,3,right_hand,964.9961800000001,635.4097333333333
200,1,left_hand,660.6843166666667,725.9181
200,1,right_hand,663.5372,721.06954
200,3,left_hand,886.9096866666667,652.3428733333334
200,3,right_hand,965.0652666666666,635.5008799999999
201,1,left_hand,647.7621333333333,731.6617200000001
201,1,right_hand,648.09318,731.2919966666667
201,3,left_hand,888.97842,648.87408
201,3,right_hand,969.7847333333333,635.3880333333333
202,1,left_hand,647.77303,731.73945
202,1,right_hand,648.07969,731.2938433333334
202,3,left_hand,888.97989,648.6204666666666
202,3,right_hand,969.7594766666667,635.3076833333333
203,1,left_hand,643.6893133333333,748.0645266666667
203,1,right_hand,639.3737166666666,731.7024566666665
203,3,left_hand,890.6397433333333,647.54841
203,3,right_hand,971.41917,636.0045433333333
204,1,left_hand,643.6716866666666,748.2086633333333
204,1,right_hand,639.2486666666667,731.6663566666666
204,3,left_hand,890.6212333333333,647.5276766666667
204,3,right_hand,971.4262533333334,636.0147533333333
205,1,left_hand,643.6763500000001,748.0918500000001
205,1,right_hand,639.2727,731.6961833333334
205,3,left_hand,890.61825,647.5345033333333
205,3,right_hand,971.4013766666667,635.9811433333333
206,1,left_hand,640.7951866666666,737.4503333333333
206,1,right_hand,644.7388533333333,727.2106066666665
206,3,left_hand,891.4277333333333,650.4325166666666
206,3,right_hand,971.3235966666666,634.5025666666667
207,1,left_hand,640.7555133333334,737.4553999999999
207,1,right_hand,644.6936999999999,727.2923999999999
207,3,left_hand,891.4124666666667,650.45116
207,3,right_hand,971.3209200000001,634.5009799999999
208,1,left_hand,635.3121433333332,734.8326700000001
208,1,right_hand,649.8438766666667,724.8044466666666
208,3,left_hand,891.52822,654.57957
208,3,right_hand,973.46589,638.4408833333333
209,1,left_hand,635.37368,734.81182
209,1,right_hand,649.8118033333334,724.6481833333333
209,3,left_hand,891.5645466666666,654.5079333333334
209,3,right_hand,973.44301,638.4543366666667
210,1,left_hand,635.4888533333333,734.7779133333333
210,1,right_hand,650.1257899999999,724.5444766666666
210,3,left_hand,891.5811333333332,654.4545133333332
210,3,right_hand,973.4558499999999,638.4784000000001
211,1,left_hand,633.6622566666666,728.80719
211,1,right_hand,654.5306999999999,718.8709466666668
211,3,left_hand,889.7499066666666,661.38087
211,3,right_hand,975.6488666666668,643.7165666666666
212,1,left_hand,633.6533366666666,728.7486133333333
212,1,right_hand,654.5866299999999,718.71188
212,3,left_hand,889.7527533333333,661.39822
212,3,right_hand,975.6817933333333,643.7540066666667
213,1,left_hand,630.2315666666667,724.4485466666665
213,1,right_hand,671.21538,710.1086166666668
213,3,left_hand,888.26494,666.2409666666667
213,3,right_hand,979.2912466666667,648.5792433333332
214,1,left_hand,630.25085,724.3820233333332
214,1,right_hand,671.2781333333334,710.0335666666666
214,3,left_hand,888.23771,666.2535233333333
214,3,right_hand,979.3092566666668,648.6157966666666
215,1,left_hand,627.0824000000001,718.6297633333334
215,1,right_hand,700.0630333333334,677.85906
215,3,left_hand,884.7057566666666,667.8386833333334
215,3,right_hand,980.8291833333333,650.2571866666667
216,1,left_hand,627.1084333333334,718.5837166666666
216,1,right_hand,700.42578,677.9107833333333
216,3,left_hand,884.7445366666667,667.7935233333334
216,3,right_hand,980.7897200000001,650.1688433333334
217,1,left_hand,627.08205,718.5838833333333
217,1,right_hand,700.3862333333333,677.8793266666667
217,3,left_hand,884.7488800000001,667.7838366666666
217,3,right_hand,980.7903499999999,650.1531333333334
218,1,left_hand,629.60405,709.8560666666667
218,1,right_hand,712.7958166666667,667.90404
218,3,left_hand,879.3462333333333,665.5557
218,3,right_hand,979.3572666666668,650.9585166666667
219,1,left_hand,629.5175233333333,710.01368
219,1,right_hand,712.88969,667.91708
219,3,left_hand,879.3547766666667,665.65746
219,3,right_hand,979.3471499999999,650.96434
220,1,left_hand,635.4802333333333,702.0769333333334
220,1,right_hand,723.3156666666667,658.6624666666667
220,3,left_hand,871.8150666666667,661.2016766666667
220,3,right_hand,978.8543333333333,655.5424333333333
221,1,left_hand,635.4866833333334,702.0572400000001
221,1,right_hand,723.2408533333333,658.6224833333332
221,3,left_hand,871.8031566666667,661.21009
221,3,right_hand,978.8546066666667,655.5081333333334
222,1,left_hand,635.4728866666666,702.0655
222,1,right_hand,723.3508133333333,658.65682
222,3,left_hand,871.8246466666668,661.1925
222,3,right_hand,978.8438300000001,655.5051266666666
223,1,left_hand,642.19563,693.3500566666667
223,1,right_hand,731.6564166666667,652.0807366666667
223,3,left_hand,864.6455333333333,657.5151666666667
223,3,right_hand,973.9782833333334,659.0529333333334
224,1,left_hand,642.2552666666667,693.2886666666667
224,1,right_hand,731.65052,651.9987566666667
224,3,left_hand,864.6220433333334,657.467
224,3,right_hand,973.9914833333332,658.9688333333334
225,1,left_hand,651.6251933333334,683.1761166666666
225,1,right_hand,739.7484933333334,648.3846233333333
225,3,left_hand,856.0226233333333,659.62038
225,3,right_hand,966.7649000000001,659.9741333333334
226,1,left_hand,651.6412133333333,683.3880333333333
226,1,right_hand,739.7202633333333,648.2990633333334
226,3,left_hand,856.02225,659.5791366666666
226,3,right_hand,966.7682833333333,659.98068
227,1,left_hand,656.1811666666666,678.9944333333333
227,1,right_hand,751.4072499999999,645.2373466666667
227,3,left_hand,854.9445566666667,663.02257
227,3,right_hand,960.0939766666667,662.88423
228,1,left_hand,656.1932500000001,678.9902333333333
228,1,right_hand,751.3780666666667,645.2364866666667
228,3,left_hand,854.9106333333334,663.0610666666666
228,3,right_hand,960.1029166666667,662.9555666666666
229,1,left_hand,656.1966566666666,678.9997466666667
229,1,right_hand,751.3830066666666,645.2333366666667
229,3,left_hand,854.9078466666666,663.0798333333332
229,3,right_hand,959.9286333333333,662.81162
230,1,left_hand,661.6200233333334,672.2375166666666
230,1,right_hand,752.7585766666667,641.7381
230,3,left_hand,852.36504,669.6976966666667
230,3,right_hand,955.4122000000001,667.5117666666666
231,1,left_hand,661.6422333333334,672.19962
231,1,right_hand,752.7015500000001,641.7233866666667
231,3,left_hand,852.3710833333334,669.69652
231,3,right_hand,955.4354,667.5416433333334
232,1,left_hand,664.2786000000001,668.3972766666667
232,1,right_hand,757.8677033333333,638.59879
232,3,left_hand,849.1778366666666,689.0851066666668
232,3,right_hand,950.1490533333334,671.08215
233,1,left_hand,664.3233666666666,668.3498166666667
233,1,right_hand,757.8899633333334,638.5935733333333
233,3,left_hand,849.2156466666665,689.0629133333333
233,3,right_hand,950.1362566666667,671.0988833333334
234,1,left_hand,664.3326466666666,668.32209
234,1,right_hand,757.85532,638.6037766666667
234,3,left_hand,849.1668766666667,689.1015899999999
234,3,right_hand,950.1442000000001,671.0555833333334
235,1,left_hand,665.2665699999999,662.22545
235,1,right_hand,763.9691900000001,639.4137000000001
235,3,left_hand,852.2115933333334,687.6399333333334
235,3,right_hand,946.3612233333333,675.7711666666668
236,1,left_hand,665.2721233333333,662.21638
236,1,right_hand,763.9957800000001,639.4229
236,3,left_hand,852.2522133333333,687.5340433333334
236,3,right_hand,946.3427,675.7599533333333
237,1,left_hand,671.6043000000001,656.8110666666668
237,1,right_hand,768.1482,639.05911
237,3,left_hand,853.2084799999999,683.0909
237,3,right_hand,942.5543333333334,682.1594
238,1,left_hand,671.5985833333334,656.7653333333334
238,1,right_hand,768.1168766666666,639.0337533333333
238,3,left_hand,853.2571866666667,683.0371366666667
238,3,right_hand,942.4999333333334,682.0286666666666
239,1,left_hand,674.3337866666666,654.4365533333333
239,1,right_hand,772.2947466666666,639.5627333333333
239,3,left_hand,853.0629466666666,682.6660133333334
239,3,right_hand,941.0775266666666,684.9599
240,1,left_hand,674.3280866666666,654.47293
240,1,right_hand,772.2846466666666,639.5734833333333
240,3,left_hand,853.0384433333334,682.6253
240,3,right_hand,941.0743166666666,684.9514533333332
241,1,left_hand,674.3117166666667,654.4612666666667
241,1,right_hand,772.2927466666666,639.57569
241,3,left_hand,853.0484333333334,682.6274
241,3,right_hand,941.1006666666667,684.9713133333333
242,1,left_hand,678.4412666666667,653.9419066666666
242,1,right_hand,777.0063433333333,644.0864499999999
242,3,left_hand,856.2789866666667,666.6601666666667
242,3,right_hand,939.8372833333333,682.24338
243,1,left_hand,678.3992666666667,653.8912999999999
243,1,right_hand,776.97915,644.1007033333334
243,3,left_hand,856.2853766666667,666.74491
243,3,right_hand,939.8499,682.2714333333333
244,1,left_hand,683.4685133333334,651.4411100000001
244,1,right_hand,781.78406,646.22604
244,3,left_hand,859.6062266666668,660.2262866666666
244,3,right_hand,937.8072866666666,676.6016599999999
245,1,left_hand,683.4221200000001,651.45615
245,1,right_hand,781.8325666666666,646.25903
245,3,left_hand,859.5971833333333,660.2418166666666
245,3,right_hand,937.72645,676.5346766666667
246,1,left_hand,683.4736666666666,651.37647
246,1,right_hand,781.8456766666667,646.2648233333333
246,3,left_hand,859.5549533333333,660.3122
246,3,right_hand,937.6902666666666,676.58961
247,1,left_hand,692.7595799999999,649.8998466666666
247,1,right_hand,786.2248366666666,651.8496633333333
247,3,left_hand,864.4375133333333,650.7642333333333
247,3,right_hand,938.6023,675.5676833333333
248,1,left_hand,693.3931699999999,649.9005333333333
248,1,right_hand,787.1384666666667,652.0049466666666
248,3,left_hand,861.7361466666666,652.4511766666667
248,3,right_hand,939.9332266666667,675.5116833333333
249,1,left_hand,697.3620000000001,650.9324033333334
249,1,right_hand,792.3273833333333,657.8660666666666
249,3,left_hand,868.3641133333334,641.8523133333333
249,3,right_hand,941.9953166666668,676.81739
250,1,left_hand,697.5379133333334,650.9055433333333
250,1,right_hand,792.4552533333334,658.0133500000001
250,3,left_hand,868.805,642.1357533333334
250,3,right_hand,939.2679666666667,677.6030333333333
251,1,left_hand,705.2268433333332,654.3139033333333
251,1,right_hand,794.9085,663.90112
251,3,left_hand,871.83565,632.4104333333333
251,3,right_hand,942.65334,671.2741
252,1,left_hand,705.13414,654.3887100000001
252,1,right_hand,794.8942133333334,663.8874000000001
252,3,left_hand,871.8480633333334,632.3473233333333
252,3,right_hand,942.5878766666666,671.2352500000001
253,1,left_hand,705.1867733333333,654.3792500000001
253,1,right_hand,794.8749833333333,663.8983533333334
253,3,left_hand,871.8407000000001,632.2900466666666
253,3,right_hand,942.5699833333333,671.1546133333333
254,1,left_hand,712.6404966666665,650.6555566666667
254,1,right_hand,800.5320099999999,666.1222000000001
254,3,left_hand,876.9911333333333,620.7853
254,3,right_hand,947.1397699999999,682.7198966666666
255,1,left_hand,712.7701333333334,650.5920566666667
255,1,right_hand,800.50223,666.1456166666667
255,3,left_hand,877.0189866666666,620.7945833333333
255,3,right_hand,947.0369633333333,682.6393066666667
256,1,left_hand,716.1518366666668,652.9379666666667
256,1,right_hand,801.7153,663.88776
256,3,left_hand,885.5471233333334,617.7207533333334
256,3,right_hand,953.67685,681.7183100000001
257,1,left_hand,716.1483,652.9416133333334
257,1,right_hand,801.7211333333333,663.8914166666667
257,3,left_hand,885.5461333333334,617.7089933333333
257,3,right_hand,953.68918,681.7057866666668
258,1,left_hand,716.1464,652.93041
258,1,right_hand,801.7187600000001,663.8936333333332
258,3,left_hand,885.5408033333333,617.699
258,3,right_hand,953.7047533333333,681.7194533333334
259,1,left_hand,720.6142866666665,653.8892566666667
259,1,right_hand,803.0009166666667,661.0976666666667
259,3,left_hand,894.6951633333334,614.59912
259,3,right_hand,959.5035266666667,682.7335133333332
260,1,left_hand,720.6175533333334,653.9061233333333
260,1,right_hand,803.0170233333333,661.17732
260,3,left_hand,894.71864,614.5462033333333
260,3,right_hand,959.5245633333334,682.76868
261,1,left_hand,729.6025766666667,649.6586366666667
261,1,right_hand,805.1334,655.6762433333334
261,3,left_hand,902.1795466666666,611.1541766666666
261,3,right_hand,968.2801166666667,678.4230233333333
262,1,left_hand,729.5815733333334,649.6612133333333
262,1,right_hand,805.13883,655.6745433333334
262,3,left_hand,902.1955866666667,611.1037833333334
262,3,right_hand,968.2454866666667,678.33688
263,1,left_hand,737.1435133333333,652.68038
263,1,right_hand,808.5282333333334,655.5309566666666
263,3,left_hand,913.2363533333333,610.9311566666667
263,3,right_hand,978.4029999999999,677.4386766666667
264,1,left_hand,737.2163733333333,652.7268233333334
264,1,right_hand,808.5483199999999,655.4911900000001
264,3,left_hand,913.2147633333333,610.8862266666666
264,3,right_hand,978.3935799999999,677.40118
265,1,left_hand,737.3462599999999,652.5798
265,1,right_hand,808.5232133333334,655.4376333333333
265,3,left_hand,913.2699666666667,610.8654066666667
265,3,right_hand,978.4131433333332,677.4234700000001
266,1,left_hand,738.9053766666667,654.8978333333333
266,1,right_hand,814.1722133333333,657.3870000000001
266,3,left_hand,921.8739766666667,609.7735533333333
266,3,right_hand,984.5282333333333,673.08185
267,1,left_hand,738.9543399999999,654.8882466666668
267,1,right_hand,814.21893,657.3226433333333
267,3,left_hand,921.8961,609.9326166666666
267,3,right_hand,984.5212933333333,673.0670833333334
268,1,left_hand,742.5213,657.2076000000001
268,1,right_hand,814.3180699999999,661.3481166666667
268,3,left_hand,933.73666,598.6175666666667
268,3,right_hand,983.6547999999999,665.9182
269,1,left_hand,742.5201033333333,657.1890566666667
269,1,right_hand,814.3331166666667,661.3869666666667
269,3,left_hand,933.6915833333333,598.5385133333333
269,3,right_hand,983.6704933333334,665.92637
270,1,left_hand,742.5084,657.1738899999999
270,1,right_hand,814.3385099999999,661.4004333333334
270,3,left_hand,933.5802133333333,598.3985466666667
270,3,right_hand,983.7023333333333,665.9411833333334
271,1,left_hand,747.8286933333334,663.9213466666666
271,1,right_hand,821.6907666666666,670.3387933333333
271,3,left_hand,943.9709833333333,593.7415066666667
271,3,right_hand,984.8063566666666,661.7133699999999
272,1,left_hand,747.8414200000001,663.8186466666667
272,1,right_hand,821.7021533333333,670.3148866666666
272,3,left_hand,944.0033333333334,593.7205466666668
272,3,right_hand,984.8374,661.7547033333334
273,1,left_hand,751.9412133333332,671.5635166666667
273,1,right_hand,826.3342166666666,675.5860166666666
273,3,left_hand,946.6359866666667,590.0804
273,3,right_hand,985.0487999999999,656.77769
274,1,left_hand,751.9785666666667,671.5293666666666
274,1,right_hand,826.3408,675.5897666666667
274,3,left_hand,946.5071666666666,590.02841
274,3,right_hand,985.0988466666666,656.7725733333333
275,1,left_hand,756.6986499999999,678.5864466666667
275,1,right_hand,830.1437500000001,679.5938466666666
275,3,left_hand,950.8759333333334,584.2150333333333
275,3,right_hand,980.3119,652.8360233333334
276,1,left_hand,756.0837266666667,678.8121133333333
276,1,right_hand,830.3242533333333,679.9135666666667
276,3,left_hand,950.8878166666667,584.2554
276,3,right_hand,980.31493,652.8442833333334
277,1,left_hand,756.6707666666666,678.6418233333333
277,1,right_hand,830.1349533333332,679.5976733333333
277,3,left_hand,950.8628333333332,584.2657
277,3,right_hand,980.3031233333335,652.8409466666667
278,1,left_hand,765.0402133333333,685.7997866666668
278,1,right_hand,836.6568833333334,686.34631
278,3,left_hand,950.0447666666668,580.4601466666667
278,3,right_hand,982.6813166666667,648.8477666666668
279,1,left_hand,765.2236166666668,685.5770333333334
279,1,right_hand,836.669,686.3163533333335
279,3,left_hand,950.0243666666667,580.3932633333334
279,3,right_hand,982.6473066666667,648.9272
280,1,left_hand,774.3674833333334,683.6256200000001
280,1,right_hand,845.1740233333334,690.5778533333333
280,3,left_hand,953.3882033333334,576.1809
280,3,right_hand,976.7854000000001,639.9765666666666
281,1,left_hand,774.4147499999999,683.6193033333334
281,1,right_hand,845.1948833333332,690.6584866666667
281,3,left_hand,953.39583,576.1434666666668
281,3,right_hand,976.7695366666667,639.9768966666667
282,1,left_hand,773.7031566666666,683.4356000000001
282,1,right_hand,845.8489833333333,690.7907866666666
282,3,left_hand,953.41252,576.1409766666667
282,3,right_hand,976.7615833333333,639.97965
283,1,left_hand,785.0983333333334,688.6490133333333
283,1,right_hand,853.62164,692.2146333333334
283,3,left_hand,971.63825,615.30651
283,3,right_hand,976.6479533333335,634.8135366666667
284,1,left_hand,785.1506533333335,688.3757833333334
284,1,right_hand,853.5809033333334,692.1054566666667
284,3,left_hand,971.47028,614.9440866666666
284,3,right_hand,976.6114133333334,634.8836833333334
285,1,left_hand,795.2047766666666,685.7561166666668
285,1,right_hand,864.1004833333333,694.9142333333333
285,3,left_hand,967.1244833333334,614.0352033333334
285,3,right_hand,975.6468666666666,625.8140999999999
286,1,left_hand,795.25882,685.72993
286,1,right_hand,864.0734666666667,694.8640133333333
286,3,left_hand,967.4681666666667,614.2325466666666
286,3,right_hand,975.5672033333334,625.8391666666666
287,1,left_hand,806.8410333333333,684.5508999999998
287,1,right_hand,878.02418,694.1686866666668
287,3,left_hand,964.6709199999999,613.3127333333333
287,3,right_hand,982.9603166666666,615.8556
288,1,left_hand,806.8785866666667,684.5762500000001
288,1,right_hand,878.0274800000001,694.18405
288,3,left_hand,964.6938666666666,613.31132
288,3,right_hand,982.96186,615.8727866666667
289,1,left_hand,806.8089133333333,684.4943199999999
289,1,right_hand,878.0446000000001,694.1897533333332
289,3,left_hand,964.62917,613.2821299999999
289,3,right_hand,982.9016333333333,615.8274233333333
290,1,left_hand,814.0146666666666,689.3590333333333
290,1,right_hand,889.4515333333334,694.08138
290,3,left_hand,964.8301799999999,606.48753
290,3,right_hand,992.4311566666667,603.4763666666666
291,1,left_hand,814.2843899999999,688.9179733333334
291,1,right_hand,889.5923566666667,693.98068
291,3,left_hand,965.4546666666666,606.2348133333334
291,3,right_hand,992.5638899999999,603.5396333333333
292,1,left_hand,823.8529199999999,689.9695433333333
292,1,right_hand,896.54103,687.0521266666666
292,3,left_hand,951.6799966666667,595.6459900000001
292,3,right_hand,1008.6795433333333,588.4404566666667
293,1,left_hand,823.8338533333334,690.0787333333333
293,1,right_hand,896.5315999999999,687.0497799999999
293,3,left_hand,951.6948666666667,595.6540799999999
293,3,right_hand,1008.7030566666666,588.4254
294,1,left_hand,823.8935433333332,689.8136466666666
294,1,right_hand,896.5401099999999,687.0571966666666
294,3,left_hand,951.7547900000001,595.60648
294,3,right_hand,1008.6451866666666,588.4383333333333
295,1,left_hand,826.2879800000001,695.8936866666667
295,1,right_hand,904.9185866666667,687.1160833333333
295,3,left_hand,933.0361166666667,604.8096333333333
295,3,right_hand,1014.2346166666666,582.0639666666667
296,1,left_hand,826.4066666666668,696.0181466666667
296,1,right_hand,904.92215,687.0903533333334
296,3,left_hand,932.8912166666665,604.9088533333334
296,3,right_hand,1014.2634000000002,582.0315233333334
297,1,left_hand,837.7792233333333,688.9812833333334
297,1,right_hand,915.6878866666666,689.3611133333334
297,3,left_hand,932.9076066666667,604.2025066666666
297,3,right_hand,1014.0201766666665,583.8586533333333
298,1,left_hand,837.66345,689.2312333333333
298,1,right_hand,915.6577133333334,689.3809799999999
298,3,left_hand,933.0031566666667,604.47118
298,3,right_hand,1013.9189466666667,583.9018766666667
299,1,left_hand,854.28599,685.7203766666667
299,1,right_hand,926.9810333333334,691.2784866666667
299,3,left_hand,939.8647333333333,610.9667533333333
299,3,right_hand,1013.33928,589.8636133333334
300,1,left_hand,854.1307533333334,685.7431166666665
300,1,right_hand,926.9884166666667,691.30015
300,3,left_hand,939.6733533333332,610.9481333333333
300,3,right_hand,1013.3206,589.8659333333334
301,1,left_hand,853.3363433333334,686.0257
301,1,right_hand,926.9404566666667,691.3625333333333
301,3,left_hand,939.9686833333334,610.8412666666667
301,3,right_hand,1013.3356133333333,589.8822166666667
302,1,left_hand,869.93593,686.8029433333332
302,1,right_hand,936.7626866666666,697.2783633333333
302,3,left_hand,939.2072400000001,606.6097466666666
302,3,right_hand,1007.5753433333333,599.1801833333333
303,1,left_hand,869.8412866666667,686.9500866666667
303,1,right_hand,936.5939433333333,697.3695733333333
303,3,left_hand,938.8144466666666,606.5833066666667
303,3,right_hand,1007.5645666666666,599.1579866666666
304,1,left_hand,882.6307,698.1667866666667
304,1,right_hand,953.0254333333334,710.3437566666666
304,3,left_hand,924.0783133333334,614.3004833333333
304,3,right_hand,989.0234333333334,611.3064933333334
305,1,left_hand,882.6423766666667,698.0297133333333
305,1,right_hand,952.9043333333333,710.2041833333333
305,3,left_hand,924.1223,614.2702366666666
305,3,right_hand,989.0189666666666,611.3078433333334
306,1,left_hand,882.6432100000001,698.1054766666666
306,1,right_hand,953.0246466666667,710.3373333333333
306,3,left_hand,924.0582199999999,614.2855000000001
306,3,right_hand,989.0269666666667,611.3075666666667
307,1,left_hand,892.5526333333333,701.6515533333335
307,1,right_hand,967.0951333333333,722.60439
308,1,left_hand,892.5599066666667,701.7479800000001
308,1,right_hand,967.11072,722.6016033333334
309,1,left_hand,923.8168133333334,722.0889000000001
309,1,right_hand,981.1832033333334,735.3617933333334
310,1,left_hand,922.7749866666667,722.4971433333334
310,1,right_hand,981.2694133333333,735.3544333333333
311,1,left_hand,923.6695999999998,716.8205666666667
311,1,right_hand,1000.2928566666666,739.74276
312,1,left_hand,923.1160766666666,716.8569133333334
312,1,right_hand,1000.2615133333334,739.6942766666666
313,1,left_hand,923.6675133333333,716.7979866666668
313,1,right_hand,1000.2421666666665,739.8057333333333
314,1,left_hand,926.2718766666667,707.4238133333333
314,1,right_hand,1020.3569333333335,742.7400633333333
314,3,left_hand,912.0224833333333,647.1505533333334
314,3,right_hand,971.87003,650.8020666666666
315,1,left_hand,926.0821,707.5501
315,1,right_hand,1020.4163333333332,742.93483
315,3,left_hand,911.9304233333332,647.2568
315,3,right_hand,971.8677366666667,650.8834333333333
316,1,left_hand,940.9939333333333,688.7476
316,1,right_hand,1037.74832,741.13397
316,3,left_hand,902.9443200000001,627.9002666666667
316,3,right_hand,970.4482666666667,639.3944333333334
317,1,left_hand,941.0028066666667,688.7314133333333
317,1,right_hand,1037.8027866666666,741.1920333333334
317,3,left_hand,902.9398666666666,627.9646866666666
317,3,right_hand,970.4620666666666,639.4499
318,1,left_hand,940.8735233333333,688.6181333333334
318,1,right_hand,1037.9940466666667,741.2331866666667
318,3,left_hand,902.9034699999999,628.0043666666667
318,3,right_hand,970.4644999999999,639.5893033333333
319,1,left_hand,956.5745000000001,685.0487899999999
319,1,right_hand,1053.5667999999998,747.8101333333334
319,3,left_hand,896.3735933333334,623.1702266666666
319,3,right_hand,969.4813633333333,638.1508533333333
320,1,left_hand,956.5572099999999,685.0622200000001
320,1,right_hand,1053.5026333333333,747.8239133333333
320,3,left_hand,896.3883333333333,623.1461899999999
320,3,right_hand,969.4407833333333,638.1214166666667
321,1,left_hand,972.4089833333334,679.86642
321,1,right_hand,1063.3915333333332,748.2261333333335
321,3,left_hand,899.6237799999999,627.8454033333334
321,3,right_hand,962.4734666666667,643.4473333333334
322,1,left_hand,972.4289833333332,679.8703566666667
322,1,right_hand,1063.2809,748.3150666666667
322,3,left_hand,899.6820466666667,627.8907666666668
322,3,right_hand,962.5573333333333,643.5729766666667
323,1,left_hand,977.5281666666666,675.07298
323,1,right_hand,1079.415866666667,734.9157533333333
323,3,left_hand,895.0151,628.2339166666667
323,3,right_hand,956.7500366666667,641.72279
324,1,left_hand,977.4968066666667,675.0705466666667
324,1,right_hand,1079.3882,735.0236133333334
324,3,left_hand,894.9870733333333,628.1799666666667
324,3,right_hand,956.8193333333334,641.8572533333333
325,1,left_hand,977.5822333333334,675.08362
325,1,right_hand,1079.3340333333333,735.0474333333333
325,3,left_hand,895.0143833333333,628.2043266666666
325,3,right_hand,956.8641666666666,641.88385
326,1,left_hand,980.3838133333334,665.7237
326,1,right_hand,1086.5461333333333,720.9989
326,3,left_hand,892.1221166666668,628.7459366666667
326,3,right_hand,956.12819,643.8276
327,1,left_hand,980.4546933333335,665.6416800000001
327,1,right_hand,1086.4918,721.0131166666666
327,3,left_hand,892.1104333333333,628.6877166666667
327,3,right_hand,956.1259833333334,643.8224466666666
328,1,left_hand,990.3090066666667,657.9524133333333
328,1,right_hand,1088.0615666666665,708.7042466666667
328,3,left_hand,888.9173000000001,624.5852133333334
328,3,right_hand,957.67893,643.6726533333334
329,1,left_hand,990.35605,657.9829666666666
329,1,right_hand,1088.0142666666668,708.7882500000001
329,3,left_hand,888.9015666666668,624.5086166666666
329,3,right_hand,957.64995,643.62693
330,1,left_hand,990.3848366666667,657.9534933333333
330,1,right_hand,1088.0773666666666,708.7648833333333
330,3,left_hand,888.90052,624.4966833333333
330,3,right_hand,957.6468733333332,643.60798
331,3,left_hand,887.0549500000001,625.0445133333333
331,3,right_hand,955.8926966666667,645.8874900000001
332,1,left_hand,995.1493666666667,660.1679433333334
332,1,right_hand,1098.5157333333334,697.7226666666667
332,3,left_hand,887.06777,625.0740333333333
332,3,right_hand,955.85952,645.8956766666666
333,1,left_hand,1008.8059833333333,662.1566533333333
333,1,right_hand,1098.7081,686.2769233333333
333,3,left_hand,878.8354566666667,620.2232333333334
333,3,right_hand,957.3064433333333,648.6688366666667
334,1,left_hand,1008.9028466666665,662.1135666666667
334,1,right_hand,1098.7208666666666,686.4012033333333
334,3,left_hand,878.8103333333333,620.23115
334,3,right_hand,957.2827533333333,648.6413166666667
335,1,left_hand,1020.9429833333334,663.04945
335,1,right_hand,1100.7492333333332,687.6248133333333
335,3,left_hand,872.1301500000001,617.6777699999999
335,3,right_hand,956.6833666666666,650.4161033333334
336,1,left_hand,1020.9226,663.0336166666667
336,1,right_hand,1100.7723333333333,687.5903466666667
336,3,left_hand,872.1770133333333,617.6231200000001
336,3,right_hand,956.6669,650.41462
337,1,left_hand,1020.9073333333332,663.0505533333334
337,1,right_hand,1100.7939333333334,687.55012
337,3,left_hand,872.1573,617.6500333333332
337,3,right_hand,956.6481166666666,650.4052333333334
338,1,left_hand,1030.8748333333333,663.0069
338,1,right_hand,1102.8092666666669,672.5987866666666
338,3,left_hand,871.2076966666667,616.5135
338,3,right_hand,952.3779333333333,649.9786333333333
339,1,left_hand,1030.8473666666666,663.00912
339,1,right_hand,1102.7239666666667,672.47472
339,3,left_hand,871.1762066666666,616.5917566666667
339,3,right_hand,952.38015,649.9913766666667
340,1,left_hand,1041.0448666666666,658.8195166666666
340,1,right_hand,1107.9634999999998,667.4533666666666
340,3,left_hand,869.4164433333334,616.6049899999999
340,3,right_hand,947.6402666666667,650.5823966666667
341,1,left_hand,1041.0300533333334,658.8173766666667
341,1,right_hand,1107.9047,667.33731
341,3,left_hand,869.4170866666667,616.61805
341,3,right_hand,947.61867,650.5684666666666
342,1,left_hand,1040.9898666666666,658.8372333333333
342,1,right_hand,1107.9613000000002,667.4681666666667
342,3,left_hand,869.40259,616.5821733333333
342,3,right_hand,947.6176,650.5515333333333
343,1,left_hand,1051.2179666666668,653.3212199999999
343,1,right_hand,1112.7288666666666,649.6588533333334
343,3,left_hand,866.4946,616.0582066666666
343,3,right_hand,943.5123666666665,648.4814799999999
344,1,left_hand,1051.2757666666666,653.25762
344,1,right_hand,1112.7699,649.6927333333334
344,3,left_hand,866.4359866666667,616.0767333333333
344,3,right_hand,943.55624,648.4273800000001
345,1,left_hand,1055.7451333333336,645.8662766666666
345,1,right_hand,1118.3558333333333,643.7987433333334
345,3,left_hand,862.8989666666666,614.75671
345,3,right_hand,941.0834,645.7906366666667
346,1,left_hand,1055.7081333333335,646.0375166666666
346,1,right_hand,1118.4561999999999,644.04389
346,3,left_hand,862.9175133333333,614.7882333333333
346,3,right_hand,941.08392,645.7831833333333
347,1,left_hand,1061.3985333333333,642.3802000000001
347,1,right_hand,1121.0778,636.99111
347,3,left_hand,861.5458533333334,615.4918733333334
347,3,right_hand,939.1331799999999,645.5076866666667
348,1,left_hand,1061.4754666666668,642.3188966666667
348,1,right_hand,1121.3564999999999,636.9183733333333
348,3,left_hand,861.5066333333334,615.4097333333334
348,3,right_hand,939.0861666666666,645.4189366666667
349,1,left_hand,1061.4245666666668,642.3406466666667
349,1,right_hand,1121.3178666666665,636.91597
349,3,left_hand,861.5227100000001,615.5104900000001
349,3,right_hand,939.0724833333334,645.4293066666668
350,1,left_hand,1069.4847666666667,634.8743833333333
350,1,right_hand,1121.7224666666666,633.1894599999999
350,3,left_hand,861.0186666666667,614.6253333333334
350,3,right_hand,936.0309933333333,644.5402333333334
351,1,left_hand,1069.4848333333332,634.8810833333333
351,1,right_hand,1121.6006333333332,633.0554433333333
351,3,left_hand,860.9813766666666,614.5837799999999
351,3,right_hand,936.0794000000001,644.5767333333333
352,1,left_hand,1074.1645333333333,630.30058
352,1,right_hand,1126.5160999999998,629.8665333333333
352,3,left_hand,859.71827,612.9994533333333
352,3,right_hand,934.6068799999999,643.66723
353,1,left_hand,1074.1312,630.2494066666667
353,1,right_hand,1126.5189666666668,629.80839
353,3,left_hand,859.7301533333333,612.9970066666666
353,3,right_hand,934.5997566666666,643.6638666666666
354,1,left_hand,1074.1488,630.3178533333333
354,1,right_hand,1126.6465666666666,629.8965866666666
354,3,left_hand,859.7547666666666,612.9849
354,3,right_hand,934.6189,643.6682
355,1,left_hand,1083.1668666666667,629.0469133333332
355,1,right_hand,1136.8353,631.5209666666666
355,3,left_hand,859.8661866666666,613.9709866666667
355,3,right_hand,933.1433966666667,642.2344633333333
356,1,left_hand,1083.1433333333334,629.0306366666666
356,1,right_hand,1136.9394333333332,631.6248833333334
356,3,left_hand,859.90655,613.9163833333333
356,3,right_hand,933.15092,642.2217566666667
357,1,left_hand,1090.2785000000001,630.7483566666667
357,1,right_hand,1129.9491,626.6314466666666
357,3,left_hand,861.8742000000001,612.4170966666667
357,3,right_hand,933.1097666666666,641.1026
358,1,left_hand,1090.4587999999999,630.6957666666666
358,1,right_hand,1130.0546333333334,626.5937666666667
358,3,left_hand,861.94918,612.4907999999999
358,3,right_hand,933.1181833333334,641.12378
359,1,left_hand,1096.7709000000002,632.8667566666667
359,1,right_hand,1127.9286666666667,625.04866
359,3,left_hand,863.3892,610.4361166666666
359,3,right_hand,933.92098,640.24652
360,1,left_hand,1096.8081,632.8306533333333
360,1,right_hand,1127.4194333333332,625.1276666666666
360,3,left_hand,863.39,610.40277
360,3,right_hand,933.93563,640.2924066666667
361,1,left_hand,1096.7747,632.8391266666666
361,1,right_hand,1127.58,625.15074
361,3,left_hand,863.4473466666667,610.52115
361,3,right_hand,933.9834966666667,640.41023
362,1,left_hand,1101.4715,632.5879133333333
362,1,right_hand,1134.609333333333,624.0750166666667
362,3,left_hand,864.1075433333334,609.28342
362,3,right_hand,935.8077133333333,638.1719866666666
363,1,left_hand,1101.5948666666666,632.5333466666667
363,1,right_hand,1134.7232666666666,623.9737666666666
363,3,left_hand,864.1115866666668,609.2678666666667
363,3,right_hand,935.7987333333334,638.1609266666666
364,1,left_hand,1101.1458666666665,618.3073166666667
364,1,right_hand,1138.7008333333333,615.1059200000001
364,3,left_hand,867.5446333333333,608.2667533333333
364,3,right_hand,937.0956666666666,634.9702833333332
365,1,left_hand,1100.755,617.25048
365,1,right_hand,1138.4327666666668,614.7334333333333
365,3,left_hand,867.5476466666668,608.2330133333334
365,3,right_hand,937.10122,634.9707566666667
366,1,left_hand,1100.6750666666667,616.7957333333334
366,1,right_hand,1138.3509000000001,614.5077
366,3,left_hand,867.5541066666666,608.2114333333334
366,3,right_hand,937.0839766666667,634.94146
367,1,left_hand,1107.0856999999999,620.1951533333335
367,1,right_hand,1138.1177,611.0731633333334
367,3,left_hand,871.1022633333333,608.1935
367,3,right_hand,940.0587466666666,637.0468999999999
368,1,left_hand,1107.0619333333334,620.1450133333334
368,1,right_hand,1138.1827666666666,610.9412333333333
368,3,left_hand,871.1049333333334,608.1153966666667
368,3,right_hand,940.0501333333333,637.0549166666666
369,1,left_hand,1105.3212333333333,609.1219333333333
369,1,right_hand,1142.8174666666666,594.5218166666667
369,3,left_hand,874.5350333333332,607.9035633333334
369,3,right_hand,944.0831466666667,637.26005
370,1,left_hand,1105.329,609.2274433333333
370,1,right_hand,1142.7227333333333,594.4999433333334
370,3,left_hand,874.5269333333334,607.8800500000001
370,3,right_hand,944.1478000000001,637.3615066666666
371,1,left_hand,1105.0652666666665,605.3008333333333
371,1,right_hand,1142.993,588.7784333333333
371,3,left_hand,878.6752266666667,606.6257666666667
371,3,right_hand,947.2864766666667,637.8231766666667
372,1,left_hand,1103.6094666666668,605.36452
372,1,right_hand,1143.2668333333334,590.62431
372,3,left_hand,878.7045733333333,606.6241133333333
372,3,right_hand,947.2771233333333,637.8092866666666
373,1,left_hand,1103.7022333333332,605.29031
373,1,right_hand,1143.1770666666666,590.5369000000001
373,3,left_hand,878.6404666666667,606.5636466666666
373,3,right_hand,947.2537666666667,637.8199066666667
374,1,left_hand,1105.0016333333335,598.3809833333333
374,1,right_hand,1143.3086666666666,588.1438800000001
374,3,left_hand,885.6264000000001,606.4386333333333
374,3,right_hand,949.9518233333333,634.8459833333333
375,1,left_hand,1104.9187666666667,598.3866899999999
375,1,right_hand,1143.2811,588.1450833333333
375,3,left_hand,885.6034533333333,606.4221133333334
375,3,right_hand,949.9038833333334,634.8200533333334
376,1,left_hand,1105.5319333333334,590.1667533333333
376,1,right_hand,1147.3398666666665,575.1966866666667
376,3,left_hand,889.0009966666667,606.3750333333332
376,3,right_hand,953.6621666666666,633.4566333333333
377,1,left_hand,1105.5685,590.23455
377,1,right_hand,1147.3430999999998,575.2736
377,3,left_hand,888.9684666666667,606.3476866666666
377,3,right_hand,953.6586166666667,633.5153333333334
378,1,left_hand,1105.5841666666668,590.2929333333333
378,1,right_hand,1147.3765666666666,575.4613866666667
378,3,left_hand,889.6571833333333,606.7827033333333
378,3,right_hand,952.6192000000001,632.8762466666667
379,1,left_hand,1104.3824000000002,581.30995
379,1,right_hand,1147.1128666666666,569.3769333333333
379,3,left_hand,891.34746,603.74926
379,3,right_hand,958.3565666666667,630.5277666666667
380,1,left_hand,1104.0116999999998,581.2608533333333
380,1,right_hand,1147.0323999999998,569.33415
380,3,left_hand,891.3332666666666,603.7562433333334
380,3,right_hand,958.3609799999999,630.4985566666667
381,1,left_hand,1106.9692666666667,574.2751199999999
381,1,right_hand,1145.1130333333333,562.8955533333334
381,3,left_hand,894.4065166666668,600.0011666666668
381,3,right_hand,961.9803666666667,622.0989933333334
382,1,left_hand,1106.9111666666668,574.16393
382,1,right_hand,1145.0995999999998,562.8863666666666
382,3,left_hand,894.3782333333334,599.93968
382,3,right_hand,961.9864200000001,622.1391433333333
383,1,left_hand,1113.8969,572.5831933333333
383,1,right_hand,1134.7517,562.0573633333333
383,3,left_hand,896.1648,595.5591599999999
383,3,right_hand,966.4036666666667,616.3581133333333
384,1,left_hand,1113.8737666666666,572.6180833333334
384,1,right_hand,1134.7765666666667,562.0870166666667
384,3,left_hand,896.1733566666667,595.5612766666667
384,3,right_hand,966.4453199999999,616.3582133333333
385,1,left_hand,1113.8767333333333,572.6227
385,1,right_hand,1134.8359333333335,562.0802199999999
385,3,left_hand,896.1853866666667,595.5976166666668
385,3,right_hand,966.4069066666667,616.3883533333334
386,1,left_hand,1113.8573666666668,575.2706766666666
386,1,right_hand,1136.0347333333332,562.41621
386,3,left_hand,899.8086,592.9192033333334
386,3,right_hand,973.2311533333333,614.7026666666667
387,1,left_hand,1113.8732333333335,575.27032
387,1,right_hand,1136.0939666666666,562.4388333333333
387,3,left_hand,899.8018133333334,592.9578566666668
387,3,right_hand,973.3281999999999,614.7517666666668
388,1,left_hand,1112.9084333333333,576.4206666666666
388,1,right_hand,1112.3032,570.7438366666667
388,3,left_hand,904.2129333333332,590.1054566666667
388,3,right_hand,978.4735333333333,609.7796999999999
389,1,left_hand,1112.9340666666667,576.4382133333334
389,1,right_hand,1112.3914666666667,570.7147266666667
389,3,left_hand,904.2172466666667,590.1011133333333
389,3,right_hand,978.5718166666667,609.8122199999999
390,1,left_hand,1112.8959666666667,576.4933666666666
390,1,right_hand,1112.3309333333334,570.7917433333333
390,3,left_hand,904.2243133333333,590.0809
390,3,right_hand,978.4859166666666,609.76995
391,1,left_hand,1115.1254000000001,578.0563966666667
391,1,right_hand,1111.3150666666668,573.9111666666668
391,3,left_hand,907.72969,587.5632366666667
391,3,right_hand,983.59891,606.6431033333333
392,1,left_hand,1115.3822333333333,578.3640466666667
392,1,right_hand,1111.4829666666667,574.10361
392,3,left_hand,907.7798633333333,587.6115166666667
392,3,right_hand,983.5571166666667,606.6862333333333
393,1,left_hand,1114.1524333333332,588.6648133333333
393,1,right_hand,1109.7275333333334,581.4532533333334
393,3,left_hand,910.8002200000001,586.07535
393,3,right_hand,988.8894866666666,604.2950066666667
394,1,left_hand,1114.3857333333333,587.1604000000001
394,1,right_hand,1110.1320333333333,583.6166
394,3,left_hand,910.8337133333333,586.1081666666668
394,3,right_hand,988.9064133333333,604.2612933333334
395,1,left_hand,1112.5371333333335,589.23495
395,1,right_hand,1108.1841000000002,583.5157533333334
395,3,left_hand,913.2235233333334,585.5754333333333
395,3,right_hand,996.0726566666666,606.6983133333334
396,1,left_hand,1112.5786666666665,589.2488733333333
396,1,right_hand,1108.1717666666666,583.5738566666668
396,3,left_hand,913.2171233333333,585.5555433333333
396,3,right_hand,996.09816,606.68438
397,1,left_hand,1112.5649333333333,589.2124933333333
397,1,right_hand,1108.2074,583.5786466666667
397,3,left_hand,913.20735,585.5178000000001
397,3,right_hand,996.1102866666666,606.6749866666667
398,1,left_hand,1110.7780666666667,594.0019366666667
398,1,right_hand,1104.9584333333332,584.9382833333334
398,3,left_hand,918.4276233333334,586.7239433333333
398,3,right_hand,1003.2474233333332,605.8718466666668
399,1,left_hand,1110.7758999999999,594.0081333333333
399,1,right_hand,1104.9748000000002,584.9271
399,3,left_hand,918.4462133333333,586.60835
399,3,right_hand,1003.24635,605.9029666666667
400,1,left_hand,1113.3582666666669,591.00645
400,1,right_hand,1100.4687000000001,587.7326333333334
400,3,left_hand,924.2617333333333,585.7785933333333
400,3,right_hand,1007.2442000000001,604.6629166666668
401,1,left_hand,1113.3637333333334,590.9903866666667
401,1,right_hand,1100.4444666666668,587.6565366666667
401,3,left_hand,924.25822,585.7711266666666
401,3,right_hand,1007.24019,604.6641
402,1,left_hand,1113.2717,591.1437333333333
402,1,right_hand,1100.2286333333334,587.27351
402,3,left_hand,924.2475433333333,585.7569133333334
402,3,right_hand,1007.2965666666665,604.66981
403,1,left_hand,1113.2578666666666,591.3344466666666
403,1,right_hand,1094.8810333333333,588.4164
403,3,left_hand,931.1303333333334,583.5243833333333
403,3,right_hand,1012.2577366666666,600.6438999999999
404,1,left_hand,1113.2831666666668,591.2894666666667
404,1,right_hand,1094.8921666666668,588.3978266666667
404,3,left_hand,931.0918333333333,583.5228233333333
404,3,right_hand,1012.2456333333333,600.6334533333334
405,1,left_hand,1109.3973333333333,590.2425866666666
405,1,right_hand,1086.2020666666667,585.6063
405,3,left_hand,938.1394666666666,583.0458533333334
405,3,right_hand,1017.4247666666666,597.9317
406,1,left_hand,1109.2654999999997,590.2212666666667
406,1,right_hand,1086.1896666666667,585.6407666666667
406,3,left_hand,938.1400800000001,582.9825366666666
406,3,right_hand,1017.42319,597.91488
407,1,left_hand,1106.6201333333333,592.6470833333333
407,1,right_hand,1081.8896666666667,588.8102666666667
407,3,left_hand,944.1982333333334,582.4139200000001
407,3,right_hand,1021.2824766666666,595.3006799999999
408,1,left_hand,1106.6404333333332,592.7341666666667
408,1,right_hand,1081.8688,588.88897
408,3,left_hand,944.1614,582.38135
408,3,right_hand,1021.3148,595.302
409,1,left_hand,1106.6402333333333,592.7029766666666
409,1,right_hand,1081.8945,588.8593
409,3,left_hand,944.1579700000001,582.62611
409,3,right_hand,1021.3089,595.4053833333332
410,1,left_hand,1103.7008666666668,591.8909533333334
410,1,right_hand,1076.9647666666667,590.6543333333334
410,3,left_hand,953.8373333333334,582.1516333333333
410,3,right_hand,1020.98619,589.2088666666667
411,1,left_hand,1103.6863,591.8511466666668
411,1,right_hand,1076.9473999999998,590.64252
411,3,left_hand,953.7795333333333,582.1257833333333
411,3,right_hand,1020.9515000000001,589.1802333333334
412,1,left_hand,1100.723,599.8888166666667
412,1,right_hand,1070.9572333333333,592.5682366666667
412,3,left_hand,964.3648666666667,575.0702533333333
412,3,right_hand,1031.2561666666668,583.9296066666667
413,1,left_hand,1100.6324333333334,599.8879000000001
413,1,right_hand,1070.9851333333334,592.5558166666666
413,3,left_hand,964.40342,575.0105
413,3,right_hand,1031.24695,583.9354333333333
414,1,left_hand,1100.8080666666667,599.7848
414,1,right_hand,1070.8401333333334,592.54138
414,3,left_hand,964.3897433333333,575.0424899999999
414,3,right_hand,1031.1947333333335,583.9269633333333
415,1,left_hand,1099.7468333333334,598.6971133333333
415,1,right_hand,1063.6315666666667,592.0757833333333
415,3,left_hand,971.38585,570.4544500000001
415,3,right_hand,1037.1376,581.5469899999999
416,1,left_hand,1099.7115333333334,598.6633166666667
416,1,right_hand,1063.7177666666666,592.1399
416,3,left_hand,971.3837199999999,570.4921566666667
416,3,right_hand,1037.1357666666665,581.5767133333334
417,1,left_hand,1094.7994666666666,596.1684
417,1,right_hand,1057.0890333333334,589.8161666666666
417,3,left_hand,978.9897766666667,564.3642666666666
417,3,right_hand,1041.6184333333333,579.4852833333333
418,1,left_hand,1094.7600666666665,596.1737666666667
418,1,right_hand,1057.0411000000001,589.68261
418,3,left_hand,978.9893666666667,564.3990033333333
418,3,right_hand,1041.5857,579.3506966666666
419,1,left_hand,1091.4751333333334,596.06412
419,1,right_hand,1053.6509666666668,589.3912466666667
419,3,left_hand,986.0014000000001,553.6629333333334
419,3,right_hand,1042.2904666666666,571.10072
420,1,left_hand,1091.4301666666668,596.0375866666667
420,1,right_hand,1053.7178666666666,589.4526166666666
420,3,left_hand,986.0020933333334,553.6284566666667
420,3,right_hand,1042.2995,571.1363500000001
421,1,left_hand,1091.4346666666668,596.0941466666667
421,1,right_hand,1053.6906000000001,589.4377333333333
421,3,left_hand,985.9978166666666,553.6057500000001
421,3,right_hand,1042.2538,571.1014799999999
422,1,left_hand,1088.5099333333335,598.6698933333333
422,1,right_hand,1049.4714999999999,600.8006166666668
422,3,left_hand,988.5801799999999,548.0854866666667
422,3,right_hand,1030.1666,548.4983233333334
423,1,left_hand,1088.4618666666668,598.6768033333333
423,1,right_hand,1049.5124666666666,600.79965
423,3,left_hand,988.5111999999999,548.0642933333332
423,3,right_hand,1031.5448999999999,548.5769866666666
424,1,left_hand,1084.4268333333332,602.9778333333334
424,1,right_hand,1047.7828333333334,605.2798466666667
424,3,left_hand,995.5488233333334,544.7445966666668
424,3,right_hand,1038.4045333333333,552.3260366666667
425,1,left_hand,1084.2933333333333,602.90342
425,1,right_hand,1047.8428666666666,605.19005
425,3,left_hand,995.6093866666666,544.6992166666666
425,3,right_hand,1038.9329666666667,552.29956
426,1,left_hand,1084.2894666666666,602.9119666666667
426,1,right_hand,1047.8565333333333,605.1855333333333
426,3,left_hand,995.6546666666667,544.7365000000001
426,3,right_hand,1039.2254666666668,552.3503866666666
427,1,left_hand,1077.0401,600.7507
427,1,right_hand,1047.2843,600.4267566666666
428,1,left_hand,1077.0375666666666,600.72292
428,1,right_hand,1047.2310333333335,600.3517666666667
429,1,left_hand,1069.3290666666664,608.01148
429,1,right_hand,1026.1484666666668,575.3823033333333
430,1,left_hand,1069.3803666666665,608.0268333333332
430,1,right_hand,1025.8250866666667,574.5126999999999
431,1,left_hand,1064.8188666666667,609.1350366666667
431,1,right_hand,1021.8595,613.5298366666667
432,1,left_hand,1064.8641,609.15538
432,1,right_hand,1021.8184,613.5529566666665
433,1,left_hand,1065.0857333333333,610.11718
433,1,right_hand,1024.9997,612.9491833333333
434,1,left_hand,1062.1580999999999,613.76426
434,1,right_hand,1025.4761533333333,620.12068
435,1,left_hand,1062.1607999999999,613.7382633333333
435,1,right_hand,1025.5551033333334,620.2199433333334
436,1,left_hand,1057.5889666666667,613.6807033333333
436,1,right_hand,1021.4152666666665,605.2111466666667
436,3,left_hand,1040.2322333333334,561.6911766666667
436,3,right_hand,1095.7706,575.3363466666667
437,1,left_hand,1057.5894333333333,613.7108666666667
437,1,right_hand,1021.3445666666667,605.0622999999999
437,3,left_hand,1040.2083333333333,561.7162533333334
437,3,right_hand,1095.7534333333333,575.4405466666666
438,1,left_hand,1057.5922666666668,613.6780833333333
438,1,right_hand,1021.3914199999999,605.4080233333333
438,3,left_hand,1040.2199666666666,561.7161966666667
438,3,right_hand,1095.7519333333332,575.5093333333333
439,1,left_hand,1048.5720666666666,619.6870533333334
439,1,right_hand,1019.34888,599.7309
439,3,left_hand,1045.1167999999998,555.1103466666667
439,3,right_hand,1104.665,574.38441
440,1,left_hand,1048.6282333333334,619.57625
440,1,right_hand,1019.0095566666665,599.5615366666667
440,3,left_hand,1045.1631666666667,555.0742
440,3,right_hand,1104.6910333333333,574.3850833333335
441,1,left_hand,1042.9391666666666,626.3110666666666
441,1,right_hand,1007.6359633333333,624.03424
441,3,left_hand,1053.9073666666666,545.0908333333333
441,3,right_hand,1112.1785,571.37506
442,1,left_hand,1042.9005,626.36535
442,1,right_hand,1007.7193666666667,623.9986466666667
442,3,left_hand,1053.9532666666667,545.1281566666667
442,3,right_hand,1112.1775666666665,571.3802433333334
443,1,left_hand,1042.1373666666666,615.9378066666667
443,1,right_hand,997.7161666666667,609.0269166666667
443,3,left_hand,1068.4109999999998,551.1119966666666
443,3,right_hand,1119.8373,570.3239166666666
444,1,left_hand,1042.1909,615.8783466666667
444,1,right_hand,997.65085,609.20852
444,3,left_hand,1068.3875333333335,551.1236366666667
444,3,right_hand,1119.8249666666668,570.2588333333333
445,1,left_hand,1042.1868666666667,615.8898800000001
445,1,right_hand,997.69051,609.2165200000001
445,3,left_hand,1068.3791333333336,551.1514533333333
445,3,right_hand,1119.8237333333334,570.2932099999999
446,1,left_hand,1043.1611,613.0805666666666
446,1,right_hand,989.9225933333333,608.5034
446,3,left_hand,1078.2001666666667,542.3154166666667
446,3,right_hand,1124.9379000000001,567.0002266666667
447,1,left_hand,1043.2313,613.0848666666667
447,1,right_hand,989.5301666666668,608.4191500000001
447,3,left_hand,1078.2305666666668,542.01899
447,3,right_hand,1124.9624999999999,567.1049633333333
448,1,left_hand,1039.0582,613.0469966666667
448,1,right_hand,975.40847,609.4497
448,3,left_hand,1084.1853666666666,539.99892
448,3,right_hand,1132.5217999999998,560.6100233333333
449,1,left_hand,1039.0687,613.0700499999999
449,1,right_hand,975.4827166666668,609.4234
449,3,left_hand,1084.1680333333334,540.0083266666667
449,3,right_hand,1132.5478333333333,560.6354533333333
450,1,left_hand,1038.3302333333334,611.3776366666666
450,1,right_hand,976.2235666666667,610.6335666666668
450,3,left_hand,1084.1349,540.09355
450,3,right_hand,1132.5320666666667,560.65847
451,1,left_hand,1033.0236166666666,614.8604633333333
451,1,right_hand,969.9175433333334,615.2146
451,3,left_hand,1093.1539666666665,530.1694333333334
451,3,right_hand,1135.7753,556.48967
452,1,left_hand,1033.0226499999999,614.9026333333333
452,1,right_hand,969.9198166666666,615.0592866666667
452,3,left_hand,1093.0515666666668,530.23212
452,3,right_hand,1135.6747333333333,556.9576333333333
453,1,left_hand,1028.398433333333,615.0221766666667
453,1,right_hand,961.9361566666666,615.2054666666667
453,3,left_hand,1101.4748666666667,522.6751733333334
453,3,right_hand,1146.5214666666668,558.7752666666667
454,1,left_hand,1028.3693666666666,614.97755
454,1,right_hand,961.9648666666666,615.1408166666666
454,3,left_hand,1101.4762,522.9606066666666
454,3,right_hand,1146.7356000000002,559.1073666666667
455,1,left_hand,1024.419,616.7170933333333
455,1,right_hand,956.38663,617.3222533333334
455,3,left_hand,1109.8437666666666,527.9703566666666
455,3,right_hand,1153.3270666666667,551.92029
456,1,left_hand,1024.4522333333334,616.7076133333334
456,1,right_hand,956.3677333333334,617.3559333333334
456,3,left_hand,1109.8316666666667,528.2669666666667
456,3,right_hand,1153.3186333333333,552.0259566666667
457,1,left_hand,1024.40109,616.7811
457,1,right_hand,956.4983699999999,617.2263233333333
457,3,left_hand,1109.8019666666667,528.0468333333334
457,3,right_hand,1153.3169333333333,552.1147233333332
458,1,left_hand,1021.4607166666666,621.5264133333334
458,1,right_hand,950.6720833333334,623.6371033333334
458,3,left_hand,1117.7342666666666,528.53311
458,3,right_hand,1161.4872000000003,550.34045
459,1,left_hand,1021.4536666666667,621.5157833333334
459,1,right_hand,950.64901,623.648
459,3,left_hand,1117.6652666666666,528.6253
459,3,right_hand,1161.449,550.4084333333334
460,1,left_hand,1014.3538,627.4235866666667
460,1,right_hand,947.26631,626.603
460,3,left_hand,1121.9783666666665,538.6527733333334
460,3,right_hand,1169.7968,559.3057666666667
461,1,left_hand,1014.3535066666667,627.4137833333333
461,1,right_hand,947.2811833333334,626.6555133333333
461,3,left_hand,1122.1253,538.88083
461,3,right_hand,1169.6188666666667,559.2602133333334
462,1,left_hand,1014.33822,627.0047266666667
462,1,right_hand,947.3965533333334,628.7093133333333
462,3,left_hand,1122.0830666666666,538.7138233333333
462,3,right_hand,1169.6517333333331,559.24438
463,1,left_hand,1009.7737233333334,629.0106566666667
463,1,right_hand,942.0649333333334,628.4125433333334
463,3,left_hand,1138.3887666666667,542.5277766666667
463,3,right_hand,1175.6787000000002,557.62982
464,1,left_hand,1009.7741,628.9898433333333
464,1,right_hand,942.0721200000002,628.3985233333333
464,3,left_hand,1138.212,542.4323866666667
464,3,right_hand,1175.6824666666666,557.66998
465,1,left_hand,1006.7225533333334,630.4612133333334
465,1,right_hand,936.1220533333334,635.07813
465,3,left_hand,1145.1543,546.9573866666666
465,3,right_hand,1187.8524,556.4857599999999
466,1,left_hand,1006.7016633333333,630.4161566666667
466,1,right_hand,936.1659800000001,635.12683
466,3,left_hand,1145.1611333333333,547.2956166666667
466,3,right_hand,1187.8037666666667,556.39192
467,1,left_hand,1003.84917,632.7464
467,1,right_hand,932.8834166666666,637.9579333333334
467,3,left_hand,1173.5085666666666,552.0325033333334
467,3,right_hand,1195.0644,559.7607666666667
468,1,left_hand,1003.7827533333333,633.7717333333334
468,1,right_hand,932.9395,637.9472533333334
468,3,left_hand,1170.1660333333334,546.4818733333333
468,3,right_hand,1193.1895333333334,557.9517333333333
469,1,left_hand,1003.8198833333332,633.7477666666666
469,1,right_hand,932.8916433333334,637.9650933333334
469,3,left_hand,1170.0004333333334,546.5582833333333
469,3,right_hand,1193.1639333333333,558.02999
470,1,left_hand,999.8389666666667,636.8492333333334
470,1,right_hand,927.6135,639.334
470,3,left_hand,1188.1303333333333,554.4838666666666
470,3,right_hand,1200.1846333333333,561.4316533333333
471,1,left_hand,1000.0427933333334,636.3014433333333
471,1,right_hand,927.5566866666667,639.3993566666667
471,3,left_hand,1188.0979,554.4788666666667
471,3,right_hand,1200.1776000000002,561.4152
472,1,left_hand,995.5333466666667,638.7507999999999
472,1,right_hand,921.3557099999999,639.2828633333334
472,3,left_hand,1195.6932,557.4761333333332
472,3,right_hand,1206.8447333333334,567.3741
473,1,left_hand,995.5668133333334,638.7672133333333
473,1,right_hand,921.3898033333334,639.2557666666667
473,3,left_hand,1195.6485666666667,557.3678699999999
473,3,right_hand,1206.7751,567.3102
474,1,left_hand,995.5484266666666,638.7432
474,1,right_hand,921.4141199999999,639.2411566666667
474,3,left_hand,1195.6845333333333,557.43635
474,3,right_hand,1206.8555666666668,567.2635
475,1,left_hand,993.6381933333332,643.2811866666666
475,1,right_hand,916.3340033333334,636.6381
475,3,left_hand,1212.4631333333334,550.5289133333334
475,3,right_hand,1219.8774333333333,560.61175
476,1,left_hand,993.6320033333333,643.5702766666667
476,1,right_hand,916.3349866666667,636.5940999999999
476,3,left_hand,1212.4802666666667,550.61858
476,3,right_hand,1219.6281,560.6095266666667
477,1,left_hand,987.2250133333333,642.1468533333333
477,1,right_hand,908.9655833333333,640.5349633333334
477,3,left_hand,1217.8950666666667,548.8603666666667
477,3,right_hand,1225.8970000000002,561.81929
478,1,left_hand,987.25277,642.1694666666667
478,1,right_hand,908.9494000000001,640.5261733333333
478,3,left_hand,1217.7230333333334,548.84565
478,3,right_hand,1225.7339666666667,561.8508566666667
479,1,left_hand,983.8583366666667,643.3063666666667
479,1,right_hand,905.0620666666667,640.6261566666667
479,3,left_hand,1227.2488333333333,551.5568066666666
479,3,right_hand,1232.5604666666666,563.4785033333333
